-- --------------------------------------------------------
-- 主机:                           114.55.135.184
-- 服务器版本:                        5.7.29 - MySQL Community Server (GPL)
-- 服务器操作系统:                      linux-glibc2.12
-- HeidiSQL 版本:                  11.1.0.6116
-- --------------------------------------------------------

/*!40101 SET @OLD_CHARACTER_SET_CLIENT=@@CHARACTER_SET_CLIENT */;
/*!40101 SET NAMES utf8 */;
/*!50503 SET NAMES utf8mb4 */;
/*!40014 SET @OLD_FOREIGN_KEY_CHECKS=@@FOREIGN_KEY_CHECKS, FOREIGN_KEY_CHECKS=0 */;
/*!40101 SET @OLD_SQL_MODE=@@SQL_MODE, SQL_MODE='NO_AUTO_VALUE_ON_ZERO' */;
/*!40111 SET @OLD_SQL_NOTES=@@SQL_NOTES, SQL_NOTES=0 */;

-- 导出  表 app_base.bit_ctrl 结构
CREATE TABLE IF NOT EXISTS `bit_ctrl` (
  `id` int(11) NOT NULL,
  `device_sn` varchar(50) NOT NULL DEFAULT '' COMMENT '设编号-序列号',
  `ctrl_no` varchar(50) NOT NULL COMMENT '调用编号',
  `cabinet_no` varchar(255) DEFAULT NULL COMMENT '柜号',
  `station_no` varchar(50) DEFAULT NULL COMMENT '站号',
  `status` int(1) NOT NULL DEFAULT '1' COMMENT '状态：0、禁用（停止操作），1、启用（开始操作）',
  `type` int(1) NOT NULL DEFAULT '1' COMMENT '信号类型：0、ON，1、模拟量 2.OFF',
  `type_desc` varchar(50) DEFAULT NULL COMMENT '信息号状态：1、投入、2、自动、3、闭合、4、切断 5、开锁、6',
  `ctrl_mode` int(2) DEFAULT '0' COMMENT '控制方式 单位秒',
  `address_type` int(2) NOT NULL DEFAULT '1' COMMENT '硬件地址类型0、PC主板,1、温湿度模组,2、冷凝除湿模组(除湿),3、通风模组(风机),4、加热模组, 14、锁,15、认证（门禁）,16、指纹头, 17、人脸识别相机, 19、大彩屏幕 ,21、RFID扫描设备（SRL5800), 31、RTU2112型通用远程扩展模块,32.GCU,33.TM',
  `address` int(5) NOT NULL DEFAULT '0' COMMENT '硬件地址',
  `ctrl_type` int(2) NOT NULL DEFAULT '1' COMMENT '控制类型 0.DO,1.DI 2.温度，3湿度',
  `ctrl_num` int(2) NOT NULL DEFAULT '0' COMMENT '控制数字，例如1=DI1,2=net_deviceDO2',
  `signaling_bit` varchar(50) DEFAULT NULL COMMENT '信号位',
  `analog_num` varchar(50) DEFAULT NULL COMMENT '信号类型type=1时模拟量存在的值',
  `port` varchar(250) DEFAULT NULL COMMENT '端口',
  `request_flag` int(1) DEFAULT '0' COMMENT '请求处理标志：0、默认不处理，1、未处理，2、处理中，3，处理完成 ',
  `request_no` varchar(50) DEFAULT NULL COMMENT '请求处理批次号',
  `remark` varchar(250) DEFAULT NULL COMMENT '备注 信号描述',
  `create_time` datetime DEFAULT NULL COMMENT '创建时间',
  `update_time` datetime DEFAULT NULL COMMENT '修改时间',
  PRIMARY KEY (`ctrl_no`,`device_sn`) USING BTREE
) ENGINE=InnoDB DEFAULT CHARSET=utf8;

-- 正在导出表  app_base.bit_ctrl 的数据：~223 rows (大约)
DELETE FROM `bit_ctrl`;
/*!40000 ALTER TABLE `bit_ctrl` DISABLE KEYS */;
INSERT INTO `bit_ctrl` (`id`, `device_sn`, `ctrl_no`, `cabinet_no`, `station_no`, `status`, `type`, `type_desc`, `ctrl_mode`, `address_type`, `address`, `ctrl_type`, `ctrl_num`, `signaling_bit`, `analog_num`, `port`, `request_flag`, `request_no`, `remark`, `create_time`, `update_time`) VALUES
	(18, '', 'D00010', 'Cab1', '1', 1, 0, '设备仓开锁手操', 0, 31, 21, 1, 2, 'Ks1-4', NULL, '', 1, NULL, '开锁手操', '2023-07-29 18:31:29', '2024-04-11 18:14:01'),
	(0, 'BeiJing116', 'D00010', 'Cab1', '1', 1, 0, '设备仓开锁手操', 0, 31, 21, 1, 2, 'Ks1-4', NULL, '', 1, 'Mbfdc70ec22404d36bd0a85ef11dec466', '开锁手操', '2024-04-17 15:35:27', '2024-04-20 15:05:37'),
	(0, 'BeiJing118', 'D00010', 'Cab1', '1', 1, 0, '设备仓开锁手操', 0, 31, 21, 1, 2, 'Ks1-4', NULL, '', 1, 'M35d6474939bc42bc9fdddde4b1677482', '开锁手操', '2024-04-18 17:11:20', '2024-04-19 14:30:19'),
	(0, 'xuzhou118', 'D00010', 'Cab1', '1', 1, 0, '设备仓开锁手操', 0, 31, 21, 1, 2, 'Ks1-4', NULL, '', 1, 'Me71afffe00894f6fa983945ad101c8e6', '开锁手操', '2024-04-19 19:48:56', '2024-04-20 14:54:25'),
	(48, '', 'D000100', 'Cab1', '1', 1, 2, '通风机开反馈2', 0, 31, 31, 1, 8, 'FAN2', NULL, '', 1, NULL, 'RTU3--物资仓增加一路排风扇输出反馈', '2023-07-29 19:59:51', '2024-04-11 18:14:01'),
	(0, 'BeiJing116', 'D000100', 'Cab1', '1', 1, 2, '通风机开反馈2', 0, 31, 31, 1, 8, 'FAN2', NULL, '', 1, 'Mf52fa0c79d9b4123a85f7b1c0de6b2a7', 'RTU3--物资仓增加一路排风扇输出反馈', '2024-04-17 15:35:28', '2024-04-20 15:05:37'),
	(0, 'BeiJing118', 'D000100', 'Cab1', '1', 1, 2, '通风机开反馈2', 0, 31, 31, 1, 8, 'FAN2', NULL, '', 1, 'Me4f74d111b98400d8fb3d463b712d176', 'RTU3--物资仓增加一路排风扇输出反馈', '2024-04-18 17:11:20', '2024-04-19 14:30:19'),
	(0, 'xuzhou118', 'D000100', 'Cab1', '1', 1, 0, '通风机开反馈2', 0, 31, 31, 1, 8, 'FAN2', NULL, '', 1, 'M4a26cc0f8799478caa76eedadb74bfd3', 'RTU3--物资仓增加一路排风扇输出反馈', '2024-04-19 19:48:56', '2024-04-20 14:54:25'),
	(19, '', 'D00011', 'Cab1', '1', 1, 2, '开锁控制', 0, 31, 21, 0, 1, 'Lc1-L', NULL, '', 1, 'L202403291726777794', '开锁控制', '2023-07-29 18:33:56', '2024-04-08 10:46:08'),
	(0, 'BeiJing118', 'D00011', 'Cab1', '1', 1, 0, '开锁控制', 0, 31, 21, 0, 1, 'Lc1-L', NULL, '', 1, 'Mac4926cb1eff4331af4671250925c379', '开锁控制', '2024-04-18 17:17:23', '2024-04-19 17:24:21'),
	(20, '', 'D00012', 'Cab1', '1', 1, 0, '闭锁控制', 0, 31, 21, 0, 2, 'Lc1-D', NULL, '', 1, 'L202403291726777794', '闭锁控制', '2023-07-29 18:35:41', '2024-04-08 10:46:08'),
	(0, 'BeiJing118', 'D00012', 'Cab1', '1', 1, 2, '闭锁控制', 0, 31, 21, 0, 2, 'Lc1-D', NULL, '', 1, 'M43b7b841538a43519d6870a469ce2650', '闭锁控制', '2024-04-18 17:17:23', '2024-04-19 17:24:21'),
	(21, '', 'D00013', 'Cab1', '1', 1, 2, '锁磁信号', 0, 31, 22, 2, 1, 'Kc2-1', '0', '', 1, NULL, '锁磁信号', '2023-07-29 18:41:51', '2024-03-29 19:05:46'),
	(22, '', 'D00014', 'Cab1', '1', 1, 0, '物资仓开锁手操', 0, 31, 22, 1, 2, 'Ks2-4', NULL, '', 1, NULL, '开锁手操', '2023-07-29 18:43:41', '2024-04-11 18:14:01'),
	(0, 'BeiJing116', 'D00014', 'Cab1', '1', 1, 0, '物资仓开锁手操', 0, 31, 22, 1, 2, 'Ks2-4', NULL, '', 1, 'Mbbb1ff7830224f84ba3a3c622a0cf66e', '开锁手操', '2024-04-17 15:35:28', '2024-04-20 15:05:38'),
	(0, 'BeiJing118', 'D00014', 'Cab1', '1', 1, 0, '物资仓开锁手操', 0, 31, 22, 1, 2, 'Ks2-4', NULL, '', 1, 'M7a4876e7e4e14b0ab5e6bb2666cfe951', '开锁手操', '2024-04-18 17:11:20', '2024-04-19 14:30:19'),
	(0, 'xuzhou118', 'D00014', 'Cab1', '1', 1, 0, '物资仓开锁手操', 0, 31, 22, 1, 2, 'Ks2-4', NULL, '', 1, 'M35fd402306bc4767a2349ba1920c617f', '开锁手操', '2024-04-19 19:48:56', '2024-04-20 14:54:25'),
	(23, '', 'D00015', 'Cab1', '1', 1, 0, '开锁控制', 0, 31, 22, 0, 1, 'Lc2-L', NULL, '', 1, 'Ma1effd98f57b4ebba9b692a960f0f2be', '开锁控制', '2023-07-29 18:45:56', '2024-04-12 14:33:14'),
	(0, 'BeiJing116', 'D00015', 'Cab1', '1', 1, 2, '????????', 0, 31, 22, 0, 1, 'Lc2-L', NULL, '', 1, 'M2fc98cc50b634253869a560dde46e6f2', '????????', '2024-04-17 15:44:41', '2024-04-19 17:29:20'),
	(0, 'BeiJing118', 'D00015', 'Cab1', '1', 1, 2, '开锁控制', 0, 31, 22, 0, 1, 'Lc2-L', NULL, '', 1, 'M5fcdbc0bcb974ca4903f8a1e73bd21e2', '开锁控制', '2024-04-18 16:33:09', '2024-04-19 17:24:29'),
	(0, 'IPC', 'D00015', 'Cab1', '1', 1, 0, '开锁控制', 0, 31, 22, 0, 1, 'Lc2-L', NULL, '', 1, 'M4232f077b0e34fe9ac25bdd5f1473747', '开锁控制', '2024-04-12 15:06:20', '2024-04-16 18:23:13'),
	(24, '', 'D00016', 'Cab1', '1', 1, 2, '闭锁控制', 0, 31, 22, 0, 2, 'Lc2-D', NULL, '', 1, 'Me59f1b15c4394ea1ac48080db5603b0c', '闭锁控制', '2023-07-29 18:47:14', '2024-04-12 14:33:14'),
	(0, 'BeiJing116', 'D00016', 'Cab1', '1', 1, 0, '????????', 0, 31, 22, 0, 2, 'Lc2-D', NULL, '', 1, 'M6465921415a04ecc9ca53ed081f6a649', '????????', '2024-04-17 15:44:41', '2024-04-19 17:29:20'),
	(0, 'BeiJing118', 'D00016', 'Cab1', '1', 1, 0, '闭锁控制', 0, 31, 22, 0, 2, 'Lc2-D', NULL, '', 1, 'M6e08a4607c1240a69b5a28895f6ea5d9', '闭锁控制', '2024-04-18 16:33:09', '2024-04-19 17:24:29'),
	(0, 'IPC', 'D00016', 'Cab1', '1', 1, 2, '闭锁控制', 0, 31, 22, 0, 2, 'Lc2-D', NULL, '', 1, 'Me4cd3e2eeb924ac4bd4ec06ef2220efa', '闭锁控制', '2024-04-12 15:06:15', '2024-04-16 18:23:34'),
	(25, '', 'D00017', 'Cab1', '1', 1, 0, '设备仓左门开闭检测', 0, 31, 31, 1, 1, 'MD1-02', NULL, '', 1, NULL, '设备仓左门开闭检测', '2023-07-29 18:49:14', '2024-04-11 18:14:01'),
	(0, 'BeiJing116', 'D00017', 'Cab1', '1', 1, 0, '设备仓左门开闭检测', 0, 31, 31, 1, 1, 'MD1-02', NULL, '', 1, 'Mb8d00f72d24a452ebb64415c9251744e', '设备仓左门开闭检测', '2024-04-17 15:35:28', '2024-04-20 15:05:38'),
	(0, 'BeiJing118', 'D00017', 'Cab1', '1', 1, 0, '设备仓左门开闭检测', 0, 31, 31, 1, 1, 'MD1-02', NULL, '', 1, 'M300b3cf5b4a74aa482eb01c57a9f0c6e', '设备仓左门开闭检测', '2024-04-18 17:11:20', '2024-04-19 14:30:20'),
	(0, 'xuzhou118', 'D00017', 'Cab1', '1', 1, 0, '设备仓左门开闭检测', 0, 31, 31, 1, 1, 'MD1-02', NULL, '', 1, 'Mdea1222646564420b2779a325b539f05', '设备仓左门开闭检测', '2024-04-19 19:48:56', '2024-04-20 14:54:25'),
	(26, '', 'D00018', 'Cab1', '1', 1, 0, '设备仓右门开闭检测', 0, 31, 31, 1, 2, 'MD2-02', NULL, '', 1, NULL, '设备仓右门开闭检测', '2023-07-29 18:50:55', '2024-04-11 18:14:01'),
	(0, 'BeiJing116', 'D00018', 'Cab1', '1', 1, 0, '设备仓右门开闭检测', 0, 31, 31, 1, 2, 'MD2-02', NULL, '', 1, 'M17d43098cb3c44f08a254f730941e046', '设备仓右门开闭检测', '2024-04-17 15:35:28', '2024-04-20 15:05:38'),
	(0, 'BeiJing118', 'D00018', 'Cab1', '1', 1, 0, '设备仓右门开闭检测', 0, 31, 31, 1, 2, 'MD2-02', NULL, '', 1, 'M0ca8e11b624e415ab61ca4f6850dbb4d', '设备仓右门开闭检测', '2024-04-18 17:11:20', '2024-04-19 14:30:20'),
	(0, 'xuzhou118', 'D00018', 'Cab1', '1', 1, 0, '设备仓右门开闭检测', 0, 31, 31, 1, 2, 'MD2-02', NULL, '', 1, 'Mc220ffa89a864d6aac38521d8922c5e1', '设备仓右门开闭检测', '2024-04-19 19:48:56', '2024-04-20 14:54:25'),
	(27, '', 'D00019', 'Cab1', '1', 1, 2, '设备仓灯开闭反馈', 0, 31, 31, 1, 3, 'LAP1', '2', '', 1, NULL, '设备仓灯开闭反馈', '2023-07-29 18:52:59', '2024-04-11 18:14:01'),
	(0, 'BeiJing116', 'D00019', 'Cab1', '1', 1, 2, '设备仓灯开闭反馈', 0, 31, 31, 1, 3, 'LAP1', '2', '', 1, 'Me5eeaac65b944edc8d9f42ca2a2d0e10', '设备仓灯开闭反馈', '2024-04-17 15:35:28', '2024-04-20 15:05:38'),
	(0, 'BeiJing118', 'D00019', 'Cab1', '1', 1, 0, '设备仓灯开闭反馈', 0, 31, 31, 1, 3, 'LAP1', '2', '', 1, 'M45ef3c80bd1a439fa0f3698d9725017f', '设备仓灯开闭反馈', '2024-04-18 17:11:20', '2024-04-19 14:30:20'),
	(0, 'xuzhou118', 'D00019', 'Cab1', '1', 1, 0, '设备仓灯开闭反馈', 0, 31, 31, 1, 3, 'LAP1', '2', '', 1, 'Mb2d0246f535d4078aa94265cf705c77c', '设备仓灯开闭反馈', '2024-04-19 19:48:56', '2024-04-20 14:54:25'),
	(8, '', 'D0002', 'Cab1', '1', 1, 0, '市电回路投入状态', 0, 0, 0, 1, 1, 'KM1-14', NULL, '', 1, NULL, '市电回路投入状态', '2023-07-29 17:56:22', '2024-04-11 18:14:01'),
	(0, 'BeiJing116', 'D0002', 'Cab1', '1', 1, 0, '市电回路投入状态', 0, 0, 0, 1, 1, 'KM1-14', NULL, '', 1, 'M74aacc8f27b64f01b228f117575b0d64', '市电回路投入状态', '2024-04-17 15:35:28', '2024-04-20 15:05:38'),
	(0, 'BeiJing118', 'D0002', 'Cab1', '1', 1, 0, '市电回路投入状态', 0, 0, 0, 1, 1, 'KM1-14', NULL, '', 1, 'Me459585c5fb849d0bcc7defe6d847da5', '市电回路投入状态', '2024-04-18 17:11:20', '2024-04-19 14:30:20'),
	(0, 'xuzhou118', 'D0002', 'Cab1', '1', 1, 2, '市电回路投入状态', 0, 0, 0, 1, 1, 'KM1-14', NULL, '', 1, 'Md62ac477fd854333b07fe3e39b068f97', '市电回路投入状态', '2024-04-19 19:48:56', '2024-04-20 14:54:25'),
	(28, '', 'D00020', 'Cab1', '1', 1, 2, '设备仓门锁指示灯开闭反馈', 0, 31, 31, 1, 4, 'LAM1', NULL, '', 1, NULL, '设备仓门锁指示灯开闭反馈', '2023-07-29 18:54:57', '2024-04-11 18:14:01'),
	(0, 'BeiJing116', 'D00020', 'Cab1', '1', 1, 2, '设备仓门锁指示灯开闭反馈', 0, 31, 31, 1, 4, 'LAM1', NULL, '', 1, 'M1b4ef9d25abc4cb2a012a3c2bccd6203', '设备仓门锁指示灯开闭反馈', '2024-04-17 15:35:28', '2024-04-20 15:05:38'),
	(0, 'BeiJing118', 'D00020', 'Cab1', '1', 1, 2, '设备仓门锁指示灯开闭反馈', 0, 31, 31, 1, 4, 'LAM1', NULL, '', 1, 'Ma87eff2828ca4fc8b4e2a8642108f26b', '设备仓门锁指示灯开闭反馈', '2024-04-18 17:11:20', '2024-04-19 14:30:20'),
	(0, 'xuzhou118', 'D00020', 'Cab1', '1', 1, 2, '设备仓门锁指示灯开闭反馈', 0, 31, 31, 1, 4, 'LAM1', NULL, '', 1, 'M368389f8e2ad4f838c60d1f3782a3579', '设备仓门锁指示灯开闭反馈', '2024-04-19 19:48:56', '2024-04-20 14:54:25'),
	(29, '', 'D00021', 'Cab1', '1', 1, 2, '设备仓开关灯操作', 0, 31, 31, 1, 5, 'PL1-02', NULL, '', 1, NULL, '设备仓开关灯操作', '2023-07-29 18:58:49', '2024-04-11 18:14:01'),
	(0, 'BeiJing116', 'D00021', 'Cab1', '1', 1, 2, '设备仓开关灯操作', 0, 31, 31, 1, 5, 'PL1-02', NULL, '', 1, 'Me2b3ca348785469bbf1ca0ca5c2cce87', '设备仓开关灯操作', '2024-04-17 15:35:28', '2024-04-20 15:05:38'),
	(0, 'BeiJing118', 'D00021', 'Cab1', '1', 1, 2, '设备仓开关灯操作', 0, 31, 31, 1, 5, 'PL1-02', NULL, '', 1, 'Me3ec6b125b204b86a760e7d2ce49ca7f', '设备仓开关灯操作', '2024-04-18 17:11:20', '2024-04-19 14:30:20'),
	(0, 'xuzhou118', 'D00021', 'Cab1', '1', 1, 2, '设备仓开关灯操作', 0, 31, 31, 1, 5, 'PL1-02', NULL, '', 1, 'M33e4e9f4dc0f43fe843555c4d08b0c6b', '设备仓开关灯操作', '2024-04-19 19:48:56', '2024-04-20 14:54:25'),
	(30, '', 'D00022', 'Cab1', '1', 1, 0, '设备仓锁舌检测', 0, 31, 21, 1, 2, 'SD1-02', NULL, '', 1, NULL, '设备仓锁舌检测', '2023-07-29 19:00:37', '2024-04-11 18:14:01'),
	(0, 'BeiJing116', 'D00022', 'Cab1', '1', 1, 0, '设备仓锁舌检测', 0, 31, 21, 1, 2, 'SD1-02', NULL, '', 1, 'M08a2a1da8dc14cb9b4782f48e7553fd7', '设备仓锁舌检测', '2024-04-17 15:35:28', '2024-04-20 15:05:38'),
	(0, 'BeiJing118', 'D00022', 'Cab1', '1', 1, 0, '设备仓锁舌检测', 0, 31, 21, 1, 2, 'SD1-02', NULL, '', 1, 'M34342a41aacb4b4d90178eeaf577a2ff', '设备仓锁舌检测', '2024-04-18 17:11:20', '2024-04-19 14:30:20'),
	(0, 'xuzhou118', 'D00022', 'Cab1', '1', 1, 0, '设备仓锁舌检测', 0, 31, 21, 1, 2, 'SD1-02', NULL, '', 1, 'Mbee4fd238926437585e18275505a3941', '设备仓锁舌检测', '2024-04-19 19:48:56', '2024-04-20 14:54:26'),
	(31, '', 'D00023', 'Cab1', '1', 1, 2, '舱顶报警灯开反馈', 0, 31, 31, 1, 7, 'LE1', NULL, '', 1, NULL, '舱顶报警灯开反馈', '2023-07-29 19:02:57', '2024-04-11 18:14:01'),
	(0, 'BeiJing116', 'D00023', 'Cab1', '1', 1, 2, '舱顶报警灯开反馈', 0, 31, 31, 1, 7, 'LE1', NULL, '', 1, 'Mbda5b66490e34ce98cbe3815752aebf3', '舱顶报警灯开反馈', '2024-04-17 15:35:29', '2024-04-20 15:05:38'),
	(0, 'BeiJing118', 'D00023', 'Cab1', '1', 1, 2, '舱顶报警灯开反馈', 0, 31, 31, 1, 7, 'LE1', NULL, '', 1, 'Ma83241fc9474408d988571f81a242860', '舱顶报警灯开反馈', '2024-04-18 17:11:20', '2024-04-19 14:30:20'),
	(0, 'xuzhou118', 'D00023', 'Cab1', '1', 1, 2, '舱顶报警灯开反馈', 0, 31, 31, 1, 7, 'LE1', NULL, '', 1, 'Me60ca350975148b38d03a818dff2c10f', '舱顶报警灯开反馈', '2024-04-19 19:48:56', '2024-04-20 14:54:26'),
	(32, '', 'D00024', 'Cab1', '1', 1, 2, '设备舱灯开闭控制', 0, 31, 31, 0, 1, 'LAP1-1', NULL, '', 1, 'M16573953895f4067980b2a46ef1fd317', '设备舱灯开闭控制', '2023-07-29 19:05:17', '2024-03-25 16:23:44'),
	(0, 'BeiJing118', 'D00024', 'Cab1', '1', 1, 2, '设备舱灯开闭控制', 0, 31, 31, 0, 1, 'LAP1-1', NULL, '', 1, 'M35b86cd7ebce40629ccbe91033e3b19e', '设备舱灯开闭控制', '2024-04-18 17:19:07', '2024-04-18 17:20:53'),
	(33, '', 'D00025', 'Cab1', '1', 1, 2, '舱顶报警灯开闭控制', 0, 31, 31, 0, 2, 'LE1-1', NULL, '', 1, 'BT202308081209777798', '舱顶报警灯开闭控制', '2023-07-29 19:07:00', '2024-03-27 15:49:26'),
	(34, '', 'D00026', 'Cab1', '1', 1, 2, '设备仓门锁开闭指示灯控制', 0, 31, 31, 0, 3, 'LAM1-1', NULL, '', 3, 'L202404111814777798', '设备仓门锁开闭指示灯控制', '2023-07-29 19:09:40', '2024-04-11 18:14:01'),
	(0, 'BeiJing116', 'D00026', 'Cab1', '1', 1, 2, '设备仓门锁开闭指示灯控制', 0, 31, 31, 0, 3, 'LAM1-1', NULL, '', 1, 'M93b2842676f44a2aa3d88492137dc6d5', '设备仓门锁开闭指示灯控制', '2024-04-17 15:35:29', '2024-04-20 15:05:38'),
	(0, 'BeiJing118', 'D00026', 'Cab1', '1', 1, 2, '设备仓门锁开闭指示灯控制', 0, 31, 31, 0, 3, 'LAM1-1', NULL, '', 1, 'Ma716876c8e3d43afae507c4599751074', '设备仓门锁开闭指示灯控制', '2024-04-18 17:11:21', '2024-04-19 14:30:20'),
	(0, 'xuzhou118', 'D00026', 'Cab1', '1', 1, 2, '设备仓门锁开闭指示灯控制', 0, 31, 31, 0, 3, 'LAM1-1', NULL, '', 1, 'M76142c0ac3a943608e8e5ff0e5d6028b', '设备仓门锁开闭指示灯控制', '2024-04-19 19:48:56', '2024-04-20 14:54:26'),
	(35, '', 'D00027', 'Cab1', '1', 1, 0, '物资仓出入门开闭检测', 0, 31, 32, 1, 1, 'MD3-02', NULL, '', 1, 'logic202308081958777797', '物资仓出入门开闭检测', '2023-07-29 19:11:42', '2024-04-11 18:14:01'),
	(0, 'BeiJing116', 'D00027', 'Cab1', '1', 1, 0, '物资仓出入门开闭检测', 0, 31, 32, 1, 1, 'MD3-02', NULL, '', 1, 'M0e649d8d9dee4fc9907ccffab73cb30d', '物资仓出入门开闭检测', '2024-04-17 15:35:29', '2024-04-20 15:05:38'),
	(0, 'BeiJing118', 'D00027', 'Cab1', '1', 1, 0, '物资仓出入门开闭检测', 0, 31, 32, 1, 1, 'MD3-02', NULL, '', 1, 'Mb51e383940d940c2aabe8b49f280a9c7', '物资仓出入门开闭检测', '2024-04-18 17:11:21', '2024-04-19 14:30:20'),
	(0, 'xuzhou118', 'D00027', 'Cab1', '1', 1, 0, '物资仓出入门开闭检测', 0, 31, 32, 1, 1, 'MD3-02', NULL, '', 1, 'Mdc08e38f98db41088f70e00be4e73246', '物资仓出入门开闭检测', '2024-04-19 19:48:56', '2024-04-20 14:54:26'),
	(36, '', 'D00028', 'Cab1', '1', 1, 0, '物资仓锁舌检测', 0, 31, 22, 1, 2, 'SD2-02', NULL, '', 1, NULL, '物资仓锁舌检测', '2023-07-29 19:13:08', '2024-04-11 18:14:01'),
	(0, 'BeiJing116', 'D00028', 'Cab1', '1', 1, 0, '物资仓锁舌检测', 0, 31, 22, 1, 2, 'SD2-02', NULL, '', 1, 'Mbfd795e6cd9d4e6499cf369b26adb590', '物资仓锁舌检测', '2024-04-17 15:35:29', '2024-04-20 15:05:38'),
	(0, 'BeiJing118', 'D00028', 'Cab1', '1', 1, 0, '物资仓锁舌检测', 0, 31, 22, 1, 2, 'SD2-02', NULL, '', 1, 'Md19b42e6263142b6bc588ad4ab3b5a9c', '物资仓锁舌检测', '2024-04-18 17:11:21', '2024-04-19 14:30:20'),
	(0, 'xuzhou118', 'D00028', 'Cab1', '1', 1, 0, '物资仓锁舌检测', 0, 31, 22, 1, 2, 'SD2-02', NULL, '', 1, 'Mcc557f5079a5495083051f2b45269295', '物资仓锁舌检测', '2024-04-19 19:48:56', '2024-04-20 14:54:26'),
	(37, '', 'D00029', 'Cab1', '1', 1, 2, '物资仓门锁指示灯开闭反馈', 0, 31, 32, 1, 3, 'LAM2', NULL, '', 1, NULL, '物资仓门锁指示灯开闭反馈', '2023-07-29 19:14:43', '2024-04-11 18:14:01'),
	(0, 'BeiJing116', 'D00029', 'Cab1', '1', 1, 2, '物资仓门锁指示灯开闭反馈', 0, 31, 32, 1, 3, 'LAM2', NULL, '', 1, 'M9aad3858b95d46e9af497dd5cca223cb', '物资仓门锁指示灯开闭反馈', '2024-04-17 15:35:29', '2024-04-20 15:05:39'),
	(0, 'BeiJing118', 'D00029', 'Cab1', '1', 1, 2, '物资仓门锁指示灯开闭反馈', 0, 31, 32, 1, 3, 'LAM2', NULL, '', 1, 'M86f1fed717a64b59a0c3200b4e0b9ec8', '物资仓门锁指示灯开闭反馈', '2024-04-18 17:11:21', '2024-04-19 14:30:20'),
	(0, 'xuzhou118', 'D00029', 'Cab1', '1', 1, 2, '物资仓门锁指示灯开闭反馈', 0, 31, 32, 1, 3, 'LAM2', NULL, '', 1, 'Ma1a4bf6602124a5f8ab516c6ff0e3ecb', '物资仓门锁指示灯开闭反馈', '2024-04-19 19:48:56', '2024-04-20 14:54:26'),
	(10, '', 'D0003', 'Cab1', '1', 1, 2, '柴油机回路投入', 0, 0, 0, 1, 2, 'KM2-14', NULL, '', 1, NULL, '柴油机回路投入', '2023-07-29 18:01:01', '2024-04-11 18:14:01'),
	(0, 'BeiJing116', 'D0003', 'Cab1', '1', 1, 2, '柴油机回路投入', 0, 0, 0, 1, 2, 'KM2-14', NULL, '', 1, 'M67e10fd807454367b1292fb45bae2144', '柴油机回路投入', '2024-04-17 15:35:29', '2024-04-20 15:05:39'),
	(0, 'BeiJing118', 'D0003', 'Cab1', '1', 1, 2, '柴油机回路投入', 0, 0, 0, 1, 2, 'KM2-14', NULL, '', 1, 'Mf3c23a5e62294464bbc56e179e3c1587', '柴油机回路投入', '2024-04-18 17:11:21', '2024-04-19 14:30:21'),
	(0, 'xuzhou118', 'D0003', 'Cab1', '1', 1, 2, '柴油机回路投入', 0, 0, 0, 1, 2, 'KM2-14', NULL, '', 1, 'Me6720edda0564308bd84773d1074bc6c', '柴油机回路投入', '2024-04-19 19:48:56', '2024-04-20 14:54:26'),
	(38, '', 'D00030', 'Cab1', '1', 1, 2, '物资仓灯1开闭反馈', 0, 31, 32, 1, 4, 'LAP2', NULL, '', 1, NULL, '物资仓灯1开闭反馈', '2023-07-29 19:16:18', '2024-04-11 18:14:01'),
	(0, 'BeiJing116', 'D00030', 'Cab1', '1', 1, 2, '物资仓灯1开闭反馈', 0, 31, 32, 1, 4, 'LAP2', NULL, '', 1, 'Mee61dcf358604313867d72b8b671d27e', '物资仓灯1开闭反馈', '2024-04-17 15:35:29', '2024-04-20 15:05:39'),
	(0, 'BeiJing118', 'D00030', 'Cab1', '1', 1, 0, '物资仓灯1开闭反馈', 0, 31, 32, 1, 4, 'LAP2', NULL, '', 1, 'Me526b8901ca7459f8e422ea9b9e89fc2', '物资仓灯1开闭反馈', '2024-04-18 17:11:21', '2024-04-19 14:30:21'),
	(0, 'xuzhou118', 'D00030', 'Cab1', '1', 1, 0, '物资仓灯1开闭反馈', 0, 31, 32, 1, 4, 'LAP2', NULL, '', 1, 'Mb6719c489e7a497d9b9abd5c1ed8706d', '物资仓灯1开闭反馈', '2024-04-19 19:48:56', '2024-04-20 14:54:26'),
	(39, '', 'D00031', 'Cab1', '1', 1, 2, '设备仓开关灯1操作', 0, 31, 32, 1, 5, 'PL2-02', NULL, '', 1, NULL, '设备仓开关灯1操作', '2023-07-29 19:19:11', '2024-04-11 18:14:01'),
	(0, 'BeiJing116', 'D00031', 'Cab1', '1', 1, 2, '设备仓开关灯1操作', 0, 31, 32, 1, 5, 'PL2-02', NULL, '', 1, 'M2fdc8bfdc84a4e3bbd01510a06f44899', '设备仓开关灯1操作', '2024-04-17 15:35:29', '2024-04-20 15:05:39'),
	(0, 'BeiJing118', 'D00031', 'Cab1', '1', 1, 2, '设备仓开关灯1操作', 0, 31, 32, 1, 5, 'PL2-02', NULL, '', 1, 'M606063d1c91c47c8a006e1b9c4addf58', '设备仓开关灯1操作', '2024-04-18 17:11:21', '2024-04-19 14:30:21'),
	(0, 'xuzhou118', 'D00031', 'Cab1', '1', 1, 2, '设备仓开关灯1操作', 0, 31, 32, 1, 5, 'PL2-02', NULL, '', 1, 'M0921b395359e447499e5ac8b0ec8418c', '设备仓开关灯1操作', '2024-04-19 19:48:56', '2024-04-20 14:54:26'),
	(40, '', 'D00032', 'Cab1', '1', 1, 2, '设备仓开关灯2操作', 0, 31, 32, 1, 6, 'PL3-02', NULL, '', 1, NULL, '设备仓开关灯2操作', '2023-07-29 19:47:22', '2024-04-11 18:14:01'),
	(0, 'BeiJing116', 'D00032', 'Cab1', '1', 1, 2, '设备仓开关灯2操作', 0, 31, 32, 1, 6, 'PL3-02', NULL, '', 1, 'Mf6422388258942bdb453adb4b4d93961', '设备仓开关灯2操作', '2024-04-17 15:35:29', '2024-04-20 15:05:39'),
	(0, 'BeiJing118', 'D00032', 'Cab1', '1', 1, 2, '设备仓开关灯2操作', 0, 31, 32, 1, 6, 'PL3-02', NULL, '', 1, 'Mb2ff22cc5f834a2f83fbbae51236c015', '设备仓开关灯2操作', '2024-04-18 17:11:21', '2024-04-19 14:30:21'),
	(0, 'xuzhou118', 'D00032', 'Cab1', '1', 1, 2, '设备仓开关灯2操作', 0, 31, 32, 1, 6, 'PL3-02', NULL, '', 1, 'M45366826811d46b5b5439fcaf04a327d', '设备仓开关灯2操作', '2024-04-19 19:48:56', '2024-04-20 14:54:26'),
	(41, '', 'D00033', 'Cab1', '1', 1, 2, '通风机开停控制', 0, 31, 32, 0, 2, 'FAN1-1', NULL, '', 1, 'Mdd6a0f896dd44c9fb025974705c60572', '通风机开停控制', '2023-07-29 19:49:18', '2024-03-27 16:40:18'),
	(42, '', 'D00034', 'Cab1', '1', 1, 2, '风机开的反馈', 0, 31, 32, 1, 7, 'FAN1', NULL, '', 1, NULL, '风机开的反馈', '2023-07-29 19:51:00', '2024-04-11 18:14:01'),
	(0, 'BeiJing116', 'D00034', 'Cab1', '1', 1, 2, '风机开的反馈', 0, 31, 32, 1, 7, 'FAN1', NULL, '', 1, 'Md50b36c3c2264612bda7f579435b81d8', '风机开的反馈', '2024-04-17 15:35:29', '2024-04-20 15:05:39'),
	(0, 'BeiJing118', 'D00034', 'Cab1', '1', 1, 2, '风机开的反馈', 0, 31, 32, 1, 7, 'FAN1', NULL, '', 1, 'Mc3a9a845618e4fccbfae02ec519ba79c', '风机开的反馈', '2024-04-18 17:11:21', '2024-04-19 14:30:21'),
	(0, 'xuzhou118', 'D00034', 'Cab1', '1', 1, 0, '风机开的反馈', 0, 31, 32, 1, 7, 'FAN1', NULL, '', 1, 'Maf59a9cbd1334b30b7650d8d5222b6c1', '风机开的反馈', '2024-04-19 19:48:56', '2024-04-20 14:54:26'),
	(44, '', 'D00035', 'Cab1', '1', 1, 2, '物资仓灯2开闭反馈', 0, 31, 32, 1, 8, 'LAP3', NULL, '', 1, NULL, '物资仓灯2开闭反馈', '2023-07-29 19:52:52', '2024-04-11 18:14:01'),
	(0, 'BeiJing116', 'D00035', 'Cab1', '1', 1, 2, '物资仓灯2开闭反馈', 0, 31, 32, 1, 8, 'LAP3', NULL, '', 1, 'Mdcc21d4ba1a442fe9b558232de0ef3c3', '物资仓灯2开闭反馈', '2024-04-17 15:35:29', '2024-04-20 15:05:39'),
	(0, 'BeiJing118', 'D00035', 'Cab1', '1', 1, 2, '物资仓灯2开闭反馈', 0, 31, 32, 1, 8, 'LAP3', NULL, '', 1, 'Mac9f0029bf1e4764a39d01d376808adb', '物资仓灯2开闭反馈', '2024-04-18 17:11:21', '2024-04-19 14:30:21'),
	(0, 'xuzhou118', 'D00035', 'Cab1', '1', 1, 0, '物资仓灯2开闭反馈', 0, 31, 32, 1, 8, 'LAP3', NULL, '', 1, 'M785dbe7a819640bf975586b2e0f15b66', '物资仓灯2开闭反馈', '2024-04-19 19:48:57', '2024-04-20 14:54:26'),
	(45, '', 'D00036', 'Cab1', '1', 1, 2, '物资仓门锁开闭指示灯控制', 0, 31, 32, 0, 1, 'LAM2-1', NULL, '', 3, 'L202404111814777798', '物资仓门锁开闭指示灯控制', '2023-07-29 19:54:41', '2024-04-11 18:14:01'),
	(0, 'BeiJing116', 'D00036', 'Cab1', '1', 1, 2, '物资仓门锁开闭指示灯控制', 0, 31, 32, 0, 1, 'LAM2-1', NULL, '', 1, 'M55e000d4e7ab479e879629850d26e047', '物资仓门锁开闭指示灯控制', '2024-04-17 15:35:30', '2024-04-20 15:05:40'),
	(0, 'BeiJing118', 'D00036', 'Cab1', '1', 1, 2, '物资仓门锁开闭指示灯控制', 0, 31, 32, 0, 1, 'LAM2-1', NULL, '', 1, 'Med0cb5184f874bfbbe5df4247e9b1a3c', '物资仓门锁开闭指示灯控制', '2024-04-18 17:11:21', '2024-04-19 14:30:18'),
	(0, 'xuzhou118', 'D00036', 'Cab1', '1', 1, 2, '物资仓门锁开闭指示灯控制', 0, 31, 32, 0, 1, 'LAM2-1', NULL, '', 1, 'Mff1daa0a4a9f45a79859d33fdb836fba', '物资仓门锁开闭指示灯控制', '2024-04-19 19:48:57', '2024-04-20 14:54:26'),
	(46, '', 'D00037', 'Cab1', '1', 1, 0, '物资仓灯1开闭控制', 0, 31, 32, 0, 3, 'LAP2-1', NULL, '', 1, 'M64d8ef62d3174afb93b0e910e2dba228', '物资仓灯1开闭控制', '2023-07-29 19:56:21', '2024-03-25 17:05:01'),
	(0, 'BeiJing118', 'D00037', 'Cab1', '1', 1, 0, '物资仓灯1开闭控制', 0, 31, 32, 0, 3, 'LAP2-1', NULL, '', 1, 'M4f7fa4d8ec7943b9a874849d2a46cde1', '物资仓灯1开闭控制', '2024-04-18 17:19:08', '2024-04-18 17:20:54'),
	(47, '', 'D00038', 'Cab1', '1', 1, 0, '物资仓灯2开闭控制', 0, 31, 32, 0, 4, 'LAP3-1', NULL, '', 1, 'M86d13ff04bc846e5b9ec62f335fae547', '物资仓灯2开闭控制', '2023-07-29 19:57:35', '2024-03-25 17:05:02'),
	(48, '', 'D00039', 'Cab1', '1', 1, 0, '人体感应开关状态', 0, 31, 33, 1, 5, 'PA1-2', NULL, '', 1, NULL, '人体感应开关状态', '2023-07-29 19:59:51', '2024-04-11 18:14:01'),
	(0, 'BeiJing116', 'D00039', 'Cab1', '1', 1, 0, '人体感应开关状态', 0, 31, 33, 1, 5, 'PA1-2', NULL, '', 1, 'Mfccd28d6a7e54a3f984f1a93f22849e9', '人体感应开关状态', '2024-04-17 15:35:30', '2024-04-20 15:05:40'),
	(0, 'BeiJing118', 'D00039', 'Cab1', '1', 1, 0, '人体感应开关状态', 0, 31, 33, 1, 5, 'PA1-2', NULL, '', 1, 'M3f4780db49984b95aa061be35df307f5', '人体感应开关状态', '2024-04-18 17:11:21', '2024-04-19 14:30:18'),
	(0, 'xuzhou118', 'D00039', 'Cab1', '1', 1, 2, '人体感应开关状态', 0, 31, 33, 1, 5, 'PA1-2', NULL, '', 1, 'M1db7bbedefa1494b992cb9d61cfb4e4d', '人体感应开关状态', '2024-04-19 19:48:57', '2024-04-20 14:54:26'),
	(11, '', 'D0004', 'Cab1', '1', 1, 2, '柴油机启动手/自动状态', 0, 0, 0, 1, 3, 'SW1-5', NULL, '', 1, NULL, '柴油机启动手/自动状态', '2023-07-29 18:04:30', '2024-04-11 18:14:01'),
	(0, 'BeiJing116', 'D0004', 'Cab1', '1', 1, 2, '柴油机启动手/自动状态', 0, 0, 0, 1, 3, 'SW1-5', NULL, '', 1, 'Mc48c39cfe2a14836818301daf915018c', '柴油机启动手/自动状态', '2024-04-17 15:35:30', '2024-04-20 15:05:40'),
	(0, 'BeiJing118', 'D0004', 'Cab1', '1', 1, 2, '柴油机启动手/自动状态', 0, 0, 0, 1, 3, 'SW1-5', NULL, '', 1, 'M1628d91cd213444591bdf36eab94cbe4', '柴油机启动手/自动状态', '2024-04-18 17:11:21', '2024-04-19 14:30:18'),
	(0, 'xuzhou118', 'D0004', 'Cab1', '1', 1, 2, '柴油机启动手/自动状态', 0, 0, 0, 1, 3, 'SW1-5', NULL, '', 1, 'Ma462a09ca57b4a6d9ad354e429dfb780', '柴油机启动手/自动状态', '2024-04-19 19:48:57', '2024-04-20 14:54:26'),
	(49, '', 'D00040', 'Cab1', '1', 1, 0, '火灾烟雾开关状态', 0, 31, 33, 1, 6, 'GT1-2', NULL, '', 1, NULL, '火灾烟雾开关状态', '2023-07-29 20:01:45', '2024-04-11 18:14:01'),
	(0, 'BeiJing116', 'D00040', 'Cab1', '1', 1, 0, '火灾烟雾开关状态', 0, 31, 33, 1, 6, 'GT1-2', NULL, '', 1, 'Mf01a1ece29f0413bac153b9d82c607b7', '火灾烟雾开关状态', '2024-04-17 15:35:30', '2024-04-20 15:05:40'),
	(0, 'BeiJing118', 'D00040', 'Cab1', '1', 1, 0, '火灾烟雾开关状态', 0, 31, 33, 1, 6, 'GT1-2', NULL, '', 1, 'M3fdb3637bbb1464c9f691cad5edea580', '火灾烟雾开关状态', '2024-04-18 17:11:22', '2024-04-19 14:30:18'),
	(0, 'xuzhou118', 'D00040', 'Cab1', '1', 1, 2, '火灾烟雾开关状态', 0, 31, 33, 1, 6, 'GT1-2', NULL, '', 1, 'M80a605e3004c4790acc8349cad6dfb9c', '火灾烟雾开关状态', '2024-04-19 19:48:57', '2024-04-20 14:54:26'),
	(50, '', 'D00041', 'Cab1', '1', 1, 2, '开/闭风机1按钮', 0, 3, 51, 1, 1, 'S1-4', NULL, '', 1, NULL, '开/闭风机1按钮', '2023-07-29 20:03:42', '2024-04-11 18:14:01'),
	(0, 'BeiJing116', 'D00041', 'Cab1', '1', 1, 2, '开/闭风机1按钮', 0, 3, 51, 1, 1, 'S1-4', NULL, '', 1, 'Mae43c34764f34ba09be3203bbf7c5910', '开/闭风机1按钮', '2024-04-17 15:35:30', '2024-04-20 15:05:40'),
	(0, 'BeiJing118', 'D00041', 'Cab1', '1', 1, 2, '开/闭风机1按钮', 0, 3, 51, 1, 1, 'S1-4', NULL, '', 1, 'Meb52c1e3897344f2b2e6e693b3339528', '开/闭风机1按钮', '2024-04-18 17:11:22', '2024-04-19 14:30:18'),
	(0, 'xuzhou118', 'D00041', 'Cab1', '1', 1, 2, '开/闭风机1按钮', 0, 3, 51, 1, 1, 'S1-4', NULL, '', 1, 'Mf0c6f6c0de204ffd9aa8dcb5e6613722', '开/闭风机1按钮', '2024-04-19 19:48:57', '2024-04-20 14:54:26'),
	(51, '', 'D00042', 'Cab1', '1', 1, 2, '开/闭风机2按钮', 0, 3, 51, 1, 2, 'S2-4', NULL, '', 1, NULL, '开/闭风机2按钮', '2023-07-29 20:05:04', '2024-04-11 18:14:01'),
	(0, 'BeiJing116', 'D00042', 'Cab1', '1', 1, 2, '开/闭风机2按钮', 0, 3, 51, 1, 2, 'S2-4', NULL, '', 1, 'M4969901a25a34741a26705a002bed883', '开/闭风机2按钮', '2024-04-17 15:35:30', '2024-04-20 15:05:41'),
	(0, 'BeiJing118', 'D00042', 'Cab1', '1', 1, 2, '开/闭风机2按钮', 0, 3, 51, 1, 2, 'S2-4', NULL, '', 1, 'M5ef06654cd8c466398123efec6f7c86f', '开/闭风机2按钮', '2024-04-18 17:11:22', '2024-04-19 14:30:18'),
	(0, 'xuzhou118', 'D00042', 'Cab1', '1', 1, 2, '开/闭风机2按钮', 0, 3, 51, 1, 2, 'S2-4', NULL, '', 1, 'Mb279242e79d94c07ae7d7438e143a851', '开/闭风机2按钮', '2024-04-19 19:48:57', '2024-04-20 14:54:26'),
	(52, '', 'D00043', 'Cab1', '1', 1, 2, '风机1开反馈', 0, 3, 51, 1, 3, 'K1-12', NULL, '', 1, NULL, '风机1开反馈', '2023-07-29 20:06:35', '2024-04-11 18:14:01'),
	(0, 'BeiJing116', 'D00043', 'Cab1', '1', 1, 2, '风机1开反馈', 0, 3, 51, 1, 3, 'K1-12', NULL, '', 1, 'Me122f4156cab4249be678469ef965244', '风机1开反馈', '2024-04-17 15:35:30', '2024-04-20 15:05:41'),
	(0, 'BeiJing118', 'D00043', 'Cab1', '1', 1, 2, '风机1开反馈', 0, 3, 51, 1, 3, 'K1-12', NULL, '', 1, 'M86d6fd136332482dbb49c9704e6de150', '风机1开反馈', '2024-04-18 17:11:22', '2024-04-19 14:30:19'),
	(0, 'xuzhou118', 'D00043', 'Cab1', '1', 1, 2, '风机1开反馈', 0, 3, 51, 1, 3, 'K1-12', NULL, '', 1, 'M5b22d31c370447438a9147c0375fc9d4', '风机1开反馈', '2024-04-19 19:48:57', '2024-04-20 14:54:26'),
	(53, '', 'D00044', 'Cab1', '1', 1, 2, '风机2开反馈', 0, 3, 51, 1, 4, 'K3-12', NULL, '', 1, NULL, '风机2开反馈', '2023-07-29 20:07:57', '2024-04-11 18:14:01'),
	(0, 'BeiJing116', 'D00044', 'Cab1', '1', 1, 2, '风机2开反馈', 0, 3, 51, 1, 4, 'K3-12', NULL, '', 1, 'Mfa716c5b1360446192828428ebd9b919', '风机2开反馈', '2024-04-17 15:35:30', '2024-04-20 15:05:41'),
	(0, 'BeiJing118', 'D00044', 'Cab1', '1', 1, 2, '风机2开反馈', 0, 3, 51, 1, 4, 'K3-12', NULL, '', 1, 'M9b9558bd0b4f46dc8a71664f9f199559', '风机2开反馈', '2024-04-18 17:11:22', '2024-04-19 14:30:19'),
	(0, 'xuzhou118', 'D00044', 'Cab1', '1', 1, 2, '风机2开反馈', 0, 3, 51, 1, 4, 'K3-12', NULL, '', 1, 'Mae6e50f0b0ad4ff4941eecb22e7f0d38', '风机2开反馈', '2024-04-19 19:48:57', '2024-04-20 14:54:26'),
	(54, '', 'D00045', 'Cab1', '1', 0, 2, '开风机1控制', 0, 31, 51, 0, 1, 'FC1-L', NULL, '', 1, NULL, '开风机1控制', '2023-07-29 20:09:46', '2024-03-27 15:33:03'),
	(55, '', 'D00046', 'Cab1', '1', 0, 2, '开风机2控制', 0, 31, 51, 0, 3, 'FC2-L', NULL, '', 1, NULL, '开风机2控制', '2023-07-29 20:10:54', '2024-03-27 15:33:05'),
	(56, '', 'D00047', 'Cab1', '1', 1, 1, '物资仓左温度检测', 0, 1, 1, 2, 1, 'Tm1-T01', '25.5', '', 1, NULL, '物资仓左温度检测', '2023-07-30 10:31:43', '2024-04-11 18:14:02'),
	(0, 'BeiJing116', 'D00047', 'Cab1', '1', 1, 1, '物资仓左温度检测', 0, 1, 1, 2, 1, 'Tm1-T01', '25.7', '', 1, 'M80cc9d67043140879e27908de95e9aa6', '物资仓左温度检测', '2024-04-17 15:35:30', '2024-04-20 15:05:41'),
	(0, 'BeiJing118', 'D00047', 'Cab1', '1', 1, 1, '物资仓左温度检测', 0, 1, 1, 2, 1, 'Tm1-T01', '27.6', '', 1, 'M77f0da4d97d14b97bcd5f2383ed801ba', '物资仓左温度检测', '2024-04-18 17:11:22', '2024-04-19 14:30:19'),
	(0, 'xuzhou118', 'D00047', 'Cab1', '1', 1, 1, '物资仓左温度检测', 0, 1, 1, 2, 1, 'Tm1-T01', '14.2', '', 1, 'M7486bf2ab80d49fca2e65b0c8f7a1067', '物资仓左温度检测', '2024-04-19 19:48:57', '2024-04-20 14:54:26'),
	(57, '', 'D00048', 'Cab1', '1', 1, 1, '物资仓左湿度检测', 0, 1, 1, 3, 1, 'Tm1-H01', '44.9', '', 1, NULL, '物资仓左湿度检测', '2023-07-30 10:34:19', '2024-04-11 18:14:02'),
	(0, 'BeiJing116', 'D00048', 'Cab1', '1', 1, 1, '物资仓左湿度检测', 0, 1, 1, 3, 1, 'Tm1-H01', '54.5', '', 1, 'Mf9a8828606cd470492414a733d9b5fc9', '物资仓左湿度检测', '2024-04-17 15:35:30', '2024-04-20 15:05:41'),
	(0, 'BeiJing118', 'D00048', 'Cab1', '1', 1, 1, '物资仓左湿度检测', 0, 1, 1, 3, 1, 'Tm1-H01', '44.5', '', 1, 'Ma18bcb3686f54e0fb86d851ec89dda3a', '物资仓左湿度检测', '2024-04-18 17:11:22', '2024-04-19 14:30:19'),
	(0, 'xuzhou118', 'D00048', 'Cab1', '1', 1, 1, '物资仓左湿度检测', 0, 1, 1, 3, 1, 'Tm1-H01', '87.6', '', 1, 'M1cba99bc76ba4f17ba92ad948ef4a9f3', '物资仓左湿度检测', '2024-04-19 19:48:57', '2024-04-20 14:54:26'),
	(58, '', 'D00049', 'Cab1', '1', 1, 1, '物资仓左温度检测', 0, 1, 2, 2, 1, 'Tm2-T01', '24.1', '', 1, NULL, '物资仓左温度检测', '2023-07-30 10:36:17', '2024-04-11 18:14:02'),
	(0, 'BeiJing116', 'D00049', 'Cab1', '1', 1, 1, '物资仓左温度检测', 0, 1, 2, 2, 1, 'Tm2-T01', '24.5', '', 1, 'M63b78c68a64048f6a75c1de53aaa0205', '物资仓左温度检测', '2024-04-17 15:35:31', '2024-04-20 15:05:41'),
	(0, 'BeiJing118', 'D00049', 'Cab1', '1', 1, 1, '物资仓左温度检测', 0, 1, 2, 2, 1, 'Tm2-T01', '26.2', '', 1, 'M0f5f7ec4097e4b2aa221bfccef536fa7', '物资仓左温度检测', '2024-04-18 17:11:19', '2024-04-19 14:30:19'),
	(0, 'xuzhou118', 'D00049', 'Cab1', '1', 1, 1, '物资仓左温度检测', 0, 1, 2, 2, 1, 'Tm2-T01', '14.3', '', 1, 'Mdde4e36a8f8544a28cf560b302b5f3fe', '物资仓左温度检测', '2024-04-19 19:48:57', '2024-04-20 14:54:26'),
	(12, '', 'D0005', 'Cab1', '1', 0, 2, '柴油机回路切断控制', 0, 32, 0, 0, 1, 'K4-A1', NULL, '', 1, NULL, '柴油机回路切断控制', '2023-07-29 18:07:11', '2024-03-29 14:09:43'),
	(59, '', 'D00050', 'Cab1', '1', 1, 1, '物资仓左湿度检测', 0, 1, 2, 3, 1, 'Tm2-H01', '48.5', '', 1, NULL, '物资仓左湿度检测', '2023-07-30 10:37:49', '2024-04-11 18:14:02'),
	(0, 'BeiJing116', 'D00050', 'Cab1', '1', 1, 1, '物资仓左湿度检测', 0, 1, 2, 3, 1, 'Tm2-H01', '59.1', '', 1, 'M83e16df663ee423aae9c31dd6839f099', '物资仓左湿度检测', '2024-04-17 15:35:31', '2024-04-20 15:05:41'),
	(0, 'BeiJing118', 'D00050', 'Cab1', '1', 1, 1, '物资仓左湿度检测', 0, 1, 2, 3, 1, 'Tm2-H01', '48.1', '', 1, 'Mb28cb4bffe1242349b319c9794939eb2', '物资仓左湿度检测', '2024-04-18 17:11:19', '2024-04-19 14:30:19'),
	(0, 'xuzhou118', 'D00050', 'Cab1', '1', 1, 1, '物资仓左湿度检测', 0, 1, 2, 3, 1, 'Tm2-H01', '86.8', '', 1, 'Mfc5994cdd9d54f38bfd3aa9c8a0dc380', '物资仓左湿度检测', '2024-04-19 19:48:57', '2024-04-20 14:54:26'),
	(60, '', 'D00051', 'Cab1', '1', 1, 1, '设备舱温度检测', 0, 1, 3, 2, 1, 'Tm3-T01', '28.1', '', 1, NULL, '设备仓温度检测', '2023-07-30 10:44:31', '2024-04-11 18:14:02'),
	(0, 'BeiJing116', 'D00051', 'Cab1', '1', 1, 1, '设备舱温度检测', 0, 1, 3, 2, 1, 'Tm3-T01', '28.4', '', 1, 'M72bcbc4d33a14d26a1c70191ce79e617', '设备仓温度检测', '2024-04-17 15:35:31', '2024-04-20 15:05:42'),
	(0, 'BeiJing118', 'D00051', 'Cab1', '1', 1, 1, '设备舱温度检测', 0, 1, 3, 2, 1, 'Tm3-T01', '30.1', '', 1, 'M0ce5109f78d14495b30b2c2fd61f1646', '设备仓温度检测', '2024-04-18 17:11:19', '2024-04-19 14:30:19'),
	(0, 'xuzhou118', 'D00051', 'Cab1', '1', 1, 1, '设备舱温度检测', 0, 1, 3, 2, 1, 'Tm3-T01', '17.4', '', 1, 'M2126374b53cf422e8d8bf1463cef78af', '设备仓温度检测', '2024-04-19 19:48:57', '2024-04-20 14:54:26'),
	(61, '', 'D00052', 'Cab1', '1', 1, 1, '设备舱湿度检测', 0, 1, 3, 3, 1, 'Tm3-H01', '39.7', '', 1, NULL, '设备舱湿度检测', '2023-07-30 10:46:30', '2024-04-11 18:14:02'),
	(0, 'BeiJing116', 'D00052', 'Cab1', '1', 1, 1, '设备舱湿度检测', 0, 1, 3, 3, 1, 'Tm3-H01', '47.6', '', 1, 'M85e73e99484b4814a2221f2c41ad3717', '设备舱湿度检测', '2024-04-17 15:35:31', '2024-04-20 15:05:42'),
	(0, 'BeiJing118', 'D00052', 'Cab1', '1', 1, 1, '设备舱湿度检测', 0, 1, 3, 3, 1, 'Tm3-H01', '39.5', '', 1, 'Me9643a9b6d274e0ab7af82e680cf2c3f', '设备舱湿度检测', '2024-04-18 17:11:19', '2024-04-19 14:30:19'),
	(0, 'xuzhou118', 'D00052', 'Cab1', '1', 1, 1, '设备舱湿度检测', 0, 1, 3, 3, 1, 'Tm3-H01', '71.6', '', 1, 'Md9f5fb6ea7414d49923f793cecabdff7', '设备舱湿度检测', '2024-04-19 19:48:57', '2024-04-20 14:54:26'),
	(13, '', 'D00053', 'Cab1', '1', 1, 2, '物资仓左门开闭检测', 0, 31, 33, 1, 1, 'MD4-2', NULL, '', 1, NULL, '物资仓左门开闭检测', '2023-07-30 20:05:21', '2024-04-11 18:14:01'),
	(0, 'BeiJing116', 'D00053', 'Cab1', '1', 1, 2, '物资仓左门开闭检测', 0, 31, 33, 1, 1, 'MD4-2', NULL, '', 1, 'Mf8518e71248a4df49c12fc8206566c62', '物资仓左门开闭检测', '2024-04-17 15:35:31', '2024-04-20 15:05:42'),
	(0, 'BeiJing118', 'D00053', 'Cab1', '1', 1, 2, '物资仓左门开闭检测', 0, 31, 33, 1, 1, 'MD4-2', NULL, '', 1, 'Ma5adb8f134194ab99146bdc09381a13a', '物资仓左门开闭检测', '2024-04-18 17:11:19', '2024-04-19 14:30:19'),
	(0, 'xuzhou118', 'D00053', 'Cab1', '1', 1, 0, '物资仓左门开闭检测', 0, 31, 33, 1, 1, 'MD4-2', NULL, '', 1, 'Mbf7668e32f0b47eeb2775653b489c75d', '物资仓左门开闭检测', '2024-04-19 19:48:57', '2024-04-20 14:54:26'),
	(14, '', 'D00054', 'Cab1', '1', 1, 2, '物资仓右门开闭检测', 0, 31, 33, 1, 2, 'MD5-2', NULL, '', 1, NULL, '物资仓右门开闭检测', '2023-07-30 20:07:00', '2024-04-11 18:14:01'),
	(0, 'BeiJing116', 'D00054', 'Cab1', '1', 1, 2, '物资仓右门开闭检测', 0, 31, 33, 1, 2, 'MD5-2', NULL, '', 1, 'Mbadfe13235a14d4c9d4bddebd20bae95', '物资仓右门开闭检测', '2024-04-17 15:35:31', '2024-04-20 15:05:42'),
	(0, 'BeiJing118', 'D00054', 'Cab1', '1', 1, 2, '物资仓右门开闭检测', 0, 31, 33, 1, 2, 'MD5-2', NULL, '', 1, 'M01fe183c4bd946fd9de6142d181faf65', '物资仓右门开闭检测', '2024-04-18 17:11:19', '2024-04-19 14:30:19'),
	(0, 'xuzhou118', 'D00054', 'Cab1', '1', 1, 0, '物资仓右门开闭检测', 0, 31, 33, 1, 2, 'MD5-2', NULL, '', 1, 'Mba0fa137a977489dac7b9a7b8d6746ea', '物资仓右门开闭检测', '2024-04-19 19:48:57', '2024-04-20 14:54:26'),
	(62, '', 'D00055', 'Cab1', '1', 1, 1, '光伏板输出电压', NULL, 0, 9, 0, 9, 'CV1-V1', '', 'com2', 1, '', 'GCU', '2023-09-01 17:07:29', NULL),
	(63, '', 'D00056', 'Cab1', '1', 1, 1, '逆变器输出端电压', NULL, 0, 0, 0, 0, 'CV1-V2', '', 'com2', 1, '', 'GCU', '2023-09-01 17:07:29', '2024-03-29 14:09:43'),
	(64, '', 'D00057', 'Cab1', '1', 1, 1, '逆变器输出电流', NULL, 0, 0, 0, 0, 'CV1-A1', '', 'com2', 1, '', 'GCU', '2023-09-01 17:07:29', '2024-03-29 14:09:43'),
	(65, '', 'D00058', 'Cab1', '1', 1, 1, '电池充电电压', NULL, 0, 0, 0, 0, 'CV1-V3', '', 'com2', 1, '', 'GCU', '2023-09-01 17:07:29', '2024-03-29 14:09:43'),
	(66, '', 'D00059', 'Cab1', '1', 1, 1, '电池放电电压', NULL, 0, 0, 0, 0, 'CV1-V4', '', 'com2', 1, '', 'GCU', '2023-09-01 17:07:29', '2024-03-29 14:09:43'),
	(13, '', 'D0006', 'Cab1', '1', 0, 2, '柴油机回路闭合控制', 0, 32, 0, 0, 2, 'K3-A1', NULL, '', 1, NULL, '柴油机回路闭合控制', '2023-07-29 18:10:10', '2024-03-29 14:09:43'),
	(67, '', 'D00060', 'Cab1', '1', 1, 1, '电池电量', NULL, 0, 0, 0, 0, 'CV1-Q1', '', 'com2', 1, '', 'GCU', '2023-09-01 17:07:29', '2024-03-29 14:09:43'),
	(68, '', 'D00061', 'Cab1', '1', 1, 2, '光伏板接入状态', NULL, 0, 0, 0, 0, 'CV1-D1', '', 'com2', 1, '', 'GCU', '2023-09-01 17:07:29', '2024-03-29 14:09:43'),
	(69, '', 'D00062', 'Cab1', '1', 1, 2, '市电接入状态', NULL, 0, 0, 0, 0, 'CV1-D2', '', 'com2', 1, '', 'GCU', '2023-09-01 17:07:29', '2024-03-29 14:09:43'),
	(70, '', 'D00063', 'Cab1', '1', 1, 2, '市电直供状态', NULL, 0, 0, 0, 0, 'CV1-D3', '', 'com2', 1, '', 'GCU', '2023-09-01 17:07:29', '2024-03-29 14:09:43'),
	(71, '', 'D00064', 'Cab1', '1', 1, 2, '逆变回路状态', NULL, 0, 0, 0, 0, 'CV1-D4', '', 'com2', 1, '', 'GCU', '2023-09-01 17:07:29', '2024-03-29 14:09:43'),
	(72, '', 'D00065', 'Cab1', '1', 1, 2, '电池充电状态', NULL, 0, 0, 0, 0, 'CV1-D5', '', 'com2', 1, '', 'GCU', '2023-09-01 17:07:29', '2024-03-29 14:09:43'),
	(73, '', 'D00066', 'Cab1', '1', 1, 2, '电池输出状态', NULL, 0, 0, 0, 0, 'CV1-D6', '', 'com2', 1, '', 'GCU', '2023-09-01 17:07:29', '2024-03-29 14:09:43'),
	(74, '', 'D00067', 'Cab1', '1', 1, 2, NULL, NULL, 0, 0, 0, 4, NULL, '', 'com2', 1, '', 'GCU', '2023-09-01 17:07:29', '2024-03-29 14:09:43'),
	(75, '', 'D00068', 'Cab1', '1', 1, 2, NULL, NULL, 0, 21, 0, 3, NULL, '', 'com2', 1, '', '设备仓锁盒', '2023-09-01 17:07:29', '2024-03-29 14:10:41'),
	(76, '', 'D00069', 'Cab1', '1', 1, 2, NULL, NULL, 0, 21, 0, 4, NULL, '', 'com2', 1, '', '设备仓锁盒', '2023-09-01 17:07:29', '2024-03-29 14:10:41'),
	(16, '', 'D0007', 'Cab1', '1', 0, 0, '市电回路切断控制', 0, 32, 0, 0, 3, 'K2-A1', NULL, '', 1, NULL, '市电回路切断控制', '2023-07-29 18:17:09', '2024-03-29 14:09:43'),
	(77, '', 'D00070', 'Cab1', '1', 1, 2, '外接开锁手操', NULL, 0, 21, 0, 5, 'Ks1-5', '', 'com2', 1, '', '设备仓锁盒', '2023-09-01 17:07:29', '2024-03-29 14:10:41'),
	(78, '', 'D00071', 'Cab1', '1', 1, 2, NULL, NULL, 0, 21, 0, 6, NULL, '', 'com2', 1, '', '设备仓锁盒', '2023-09-01 17:07:29', '2024-03-29 14:10:41'),
	(79, '', 'D00072', 'Cab1', '1', 1, 2, NULL, NULL, 0, 21, 0, 7, NULL, '', 'com2', 1, '', '设备仓锁盒', '2023-09-01 17:07:29', '2024-03-29 14:10:41'),
	(80, '', 'D00073', 'Cab1', '1', 1, 2, NULL, NULL, 0, 21, 0, 8, NULL, '', 'com2', 1, '', '设备仓锁盒', '2023-09-01 17:07:29', '2024-03-29 14:10:41'),
	(81, '', 'D00074', 'Cab1', '1', 1, 2, NULL, NULL, 0, 21, 0, 3, NULL, '', 'com2', 1, '', '设备仓锁盒', '2023-09-01 17:07:29', '2024-03-29 14:10:41'),
	(82, '', 'D00075', 'Cab1', '1', 1, 2, NULL, NULL, 0, 21, 0, 4, NULL, '', 'com2', 1, '', '设备仓锁盒', '2023-09-01 17:07:29', '2024-03-29 14:10:41'),
	(83, '', 'D00076', 'Cab1', '1', 1, 2, NULL, NULL, 0, 22, 0, 3, NULL, '', 'com2', 1, '', '物资仓锁盒', '2023-09-01 17:07:29', '2024-03-29 14:10:40'),
	(84, '', 'D00077', 'Cab1', '1', 1, 2, NULL, NULL, 0, 22, 0, 4, NULL, '', 'com2', 1, '', '物资仓锁盒', '2023-09-01 17:07:29', '2024-03-29 14:10:40'),
	(85, '', 'D00078', 'Cab1', '1', 1, 2, '外接开锁手操', NULL, 0, 22, 0, 5, 'Ks2-5', '', 'com2', 1, '', '物资仓锁盒', '2023-09-01 17:07:29', '2024-03-29 14:10:40'),
	(86, '', 'D00079', 'Cab1', '1', 1, 2, NULL, NULL, 0, 22, 0, 6, NULL, '', 'com2', 1, '', '物资仓锁盒', '2023-09-01 17:07:29', '2024-03-29 14:10:40'),
	(15, '', 'D0008', 'Cab1', '1', 0, 0, '市电回路闭合控制', 0, 32, 0, 0, 4, 'K1-A1', NULL, '', 1, NULL, '市电回路闭合控制', '2023-07-29 18:13:43', '2024-03-29 14:09:43'),
	(87, '', 'D00080', 'Cab1', '1', 1, 2, NULL, NULL, 0, 22, 0, 7, NULL, '', 'com2', 1, '', '物资仓锁盒', '2023-09-01 17:07:29', '2024-03-29 14:10:40'),
	(88, '', 'D00081', 'Cab1', '1', 1, 2, NULL, NULL, 0, 22, 0, 8, NULL, '', 'com2', 1, '', '物资仓锁盒', '2023-09-01 17:07:29', '2024-03-29 14:10:40'),
	(89, '', 'D00082', 'Cab1', '1', 1, 2, NULL, NULL, 0, 22, 0, 3, NULL, '', 'com2', 1, '', '物资仓锁盒', '2023-09-01 17:07:29', '2024-03-29 14:10:40'),
	(90, '', 'D00083', 'Cab1', '1', 1, 2, NULL, NULL, 0, 22, 0, 4, NULL, '', 'com2', 1, '', '物资仓锁盒', '2023-09-01 17:07:29', '2024-03-29 14:10:40'),
	(91, '', 'D00084', 'Cab1', '1', 1, 2, NULL, NULL, 0, 31, 0, 8, NULL, '', 'com2', 1, '', 'RTU1', '2023-09-01 17:07:29', NULL),
	(92, '', 'D00085', 'Cab1', '1', 1, 0, NULL, NULL, 0, 31, 0, 4, NULL, '', 'com2', 1, '', 'RTU1', '2023-09-01 17:07:29', '2024-03-27 16:41:06'),
	(93, '', 'D00086', 'Cab1', '1', 1, 2, NULL, NULL, 0, 33, 0, 3, NULL, '', 'com2', 1, '', 'RTU3', '2023-09-01 17:07:29', NULL),
	(94, '', 'D00087', 'Cab1', '1', 1, 2, NULL, NULL, 0, 33, 0, 4, NULL, '', 'com2', 1, '', 'RTU3', '2023-09-01 17:07:29', NULL),
	(95, '', 'D00088', 'Cab1', '1', 1, 2, NULL, NULL, 0, 33, 0, 7, NULL, '', 'com2', 1, '', 'RTU3 物资仓新增的风扇读取', '2023-09-01 17:07:29', NULL),
	(96, '', 'D00089', 'Cab1', '1', 1, 2, NULL, NULL, 0, 33, 0, 8, NULL, '', 'com2', 1, '', 'RTU3', '2023-09-01 17:07:29', NULL),
	(17, '', 'D0009', 'Cab1', '1', 1, 2, '锁磁信号', 0, 31, 21, 1, 1, 'Kc1-1', NULL, '', 1, NULL, '锁磁信号', '2023-07-29 18:20:58', '2024-04-11 18:14:01'),
	(0, 'BeiJing116', 'D0009', 'Cab1', '1', 1, 2, '锁磁信号', 0, 31, 21, 1, 1, 'Kc1-1', NULL, '', 1, 'M8430f68807424f21a2459bd116715439', '锁磁信号', '2024-04-17 15:35:31', '2024-04-20 15:05:42'),
	(0, 'BeiJing118', 'D0009', 'Cab1', '1', 1, 2, '锁磁信号', 0, 31, 21, 1, 1, 'Kc1-1', NULL, '', 1, 'Md4d631ce18da4431889092bffb3fe0ad', '锁磁信号', '2024-04-18 17:11:19', '2024-04-19 14:30:19'),
	(0, 'xuzhou118', 'D0009', 'Cab1', '1', 1, 2, '锁磁信号', 0, 31, 21, 1, 1, 'Kc1-1', NULL, '', 1, 'Mca249b43c8494429801723f3f3932991', '锁磁信号', '2024-04-19 19:48:57', '2024-04-20 14:54:26'),
	(97, '', 'D00090', 'Cab1', '1', 1, 2, NULL, NULL, 0, 33, 0, 1, NULL, '', 'com2', 1, '', 'RTU3', '2023-09-01 17:07:29', NULL),
	(98, '', 'D00091', 'Cab1', '1', 1, 2, '排风扇输出2', NULL, 0, 31, 0, 4, 'FAN2-1', '', 'com2', 1, 'M89978d60b8794f2da99faa37f888e939', 'RTU3--物资仓增加一路排风扇输出', '2023-09-01 17:07:29', '2024-03-27 16:41:42'),
	(99, '', 'D00092', 'Cab1', '1', 1, 2, NULL, NULL, 0, 33, 0, 3, NULL, '', 'com2', 1, '', 'RTU3', '2023-09-01 17:07:29', NULL),
	(100, '', 'D00093', 'Cab1', '1', 1, 2, NULL, NULL, 0, 33, 0, 4, NULL, '', 'com2', 1, '', 'RTU3', '2023-09-01 17:07:29', NULL),
	(101, '', 'D00094', 'Cab1', '1', 1, 2, NULL, NULL, 0, 51, 0, 5, NULL, '', 'com2', 1, '', '通风盒', '2023-09-01 17:07:29', NULL),
	(102, '', 'D00095', 'Cab1', '1', 1, 2, NULL, NULL, 0, 51, 0, 6, NULL, '', 'com2', 1, '', '通风盒', '2023-09-01 17:07:29', NULL),
	(103, '', 'D00096', 'Cab1', '1', 1, 2, NULL, NULL, 0, 51, 0, 7, NULL, '', 'com2', 1, '', '通风盒', '2023-09-01 17:07:29', NULL),
	(104, '', 'D00097', 'Cab1', '1', 1, 2, NULL, NULL, 0, 51, 0, 8, NULL, '', 'com2', 1, '', '通风盒', '2023-09-01 17:07:29', NULL),
	(105, '', 'D00098', 'Cab1', '1', 1, 2, NULL, NULL, 0, 51, 0, 2, NULL, '', 'com2', 1, '', '通风盒', '2023-09-01 17:07:29', NULL),
	(106, '', 'D00099', 'Cab1', '1', 1, 2, NULL, NULL, 0, 51, 0, 4, NULL, '', 'com2', 1, '', '通风盒', '2023-09-01 17:07:29', NULL);
/*!40000 ALTER TABLE `bit_ctrl` ENABLE KEYS */;

-- 导出  表 app_base.cabinet 结构
CREATE TABLE IF NOT EXISTS `cabinet` (
  `cabinet_id` int(11) NOT NULL,
  `m_id` int(11) DEFAULT '0' COMMENT '项目id,默认空，用于多项目柜号相同的处理',
  `cabinet_no` varchar(50) NOT NULL COMMENT '货柜编号',
  `cabinet_name` varchar(120) DEFAULT NULL COMMENT '货柜名称',
  `station_no` varchar(50) DEFAULT NULL COMMENT '站号硬件配置cabinetID 子内部编码。特别注意，主柜为0，第一个从柜为1，以此类推。',
  `slave_id` varchar(255) DEFAULT NULL COMMENT '硬件Modbus通信的 SlaveID。就是软件上的ID 1',
  `batch_no` varchar(150) DEFAULT NULL COMMENT '上传批次编号',
  `cabdesc` varchar(255) DEFAULT NULL COMMENT '货柜名称描述',
  `cabinet_status` char(1) DEFAULT '1' COMMENT '货柜状态（1在线，0离线）',
  `address` varchar(250) DEFAULT NULL COMMENT '具体地址',
  `area` varchar(50) DEFAULT NULL COMMENT '区',
  `city` varchar(50) DEFAULT NULL COMMENT '市',
  `province` varchar(50) DEFAULT NULL COMMENT '省',
  `latitude` varchar(50) DEFAULT NULL COMMENT '纬度',
  `longitude` varchar(50) DEFAULT NULL COMMENT '经度',
  `is_main` int(11) DEFAULT NULL COMMENT '是否主柜（1为主柜、0从柜）',
  `open_stauts` char(50) DEFAULT NULL COMMENT '柜门：1、打开，2，关闭',
  `temperature` varchar(50) DEFAULT NULL COMMENT '器具柜温度',
  `humidity` varchar(50) DEFAULT NULL COMMENT '器具柜湿度',
  `lock` varchar(50) DEFAULT NULL COMMENT '器具柜锁',
  `matter_num` int(11) DEFAULT NULL COMMENT 'EPC在库数量',
  `state_cantact` varchar(50) DEFAULT NULL COMMENT '锁磁状态:1:开启2：关闭',
  `state_bolt` varchar(50) DEFAULT NULL COMMENT '柜锁状态:1:开启2：关闭',
  `ventilation` varchar(50) DEFAULT NULL COMMENT '通风状态：1、打开，2，关闭',
  `ventilation_fan1` varchar(10) DEFAULT NULL COMMENT '通风模块 风机1的DI位为2  1、打开，2，关闭',
  `ventilation_fan2` varchar(10) DEFAULT NULL COMMENT '通风模块 风机2的DI位为3  1、打开，2，关闭',
  `light` varchar(50) DEFAULT NULL COMMENT '柜灯状态：1、打开，2，关闭',
  `dehumidification` varchar(50) DEFAULT NULL COMMENT '除湿状态：1、打开，2，关闭',
  `dehumidification_fan1` varchar(10) DEFAULT NULL COMMENT '除湿模块 风机1的DI位为2   1、打开，2，关闭',
  `dehumidification_fan2` varchar(10) DEFAULT NULL COMMENT '除湿模块 风机2的DI位为3   1、打开，2，关闭',
  `dehumidification_hot1` varchar(10) DEFAULT NULL COMMENT '除湿模块 风机1的DI位为2   1、打开，2，关闭',
  `dehumidification_hot2` varchar(10) DEFAULT NULL COMMENT '除湿模块 风机2的DI位为2   1、打开，2，关闭',
  `temperature_hight_set` double DEFAULT NULL COMMENT '温度设定值',
  `humidity_hight_set` double DEFAULT NULL COMMENT '湿度设定值',
  `temperature_set` double DEFAULT NULL COMMENT '温度阀值',
  `humidity_set` double DEFAULT NULL COMMENT '湿度阀值',
  `discharge_air_time_out` double DEFAULT NULL COMMENT '排风延时 秒',
  `dehumidify_time_out` double DEFAULT NULL COMMENT '除湿延时',
  `warning_temperature` double DEFAULT NULL COMMENT '报警温度',
  `warning_humidity` double DEFAULT NULL COMMENT '报警湿度',
  `warning_temperature_low` double DEFAULT NULL COMMENT '报警温度低限',
  `warning_humidity_low` double DEFAULT NULL COMMENT '报警湿度低限',
  `lock_back_time` double DEFAULT NULL COMMENT '锁舌回退时间（秒）',
  `lock_close_try` double DEFAULT NULL COMMENT '锁闭尝试（次）',
  `label_discovery` varchar(10) DEFAULT NULL COMMENT '标签发现',
  `ctl_logic` varchar(50) DEFAULT NULL COMMENT '控制逻辑 0 解耦控制，1 通风优先，2 恒温优优 ，3 恒湿优先',
  `run_config` varchar(50) DEFAULT NULL COMMENT '运行配置（0双机运行、1混运行、2单机运行）',
  `ctl_operation` varchar(50) DEFAULT NULL COMMENT '控制操作 1自动、2遥控（手工运行）',
  `sensor_no` varchar(50) DEFAULT NULL COMMENT '传感器编号',
  `version` varchar(50) DEFAULT NULL COMMENT '版本号',
  `open_time_out` double DEFAULT '59' COMMENT '任务超时(秒)',
  `auto_lock_time` double DEFAULT '59' COMMENT '延迟关锁(秒)',
  `run_time` datetime DEFAULT NULL COMMENT '运行时间长度',
  `ip` varchar(50) DEFAULT NULL COMMENT 'IP地址',
  `url` varchar(255) DEFAULT NULL COMMENT '连接地址',
  `mac` varchar(50) NOT NULL COMMENT 'MAC地址',
  `submask` varchar(50) DEFAULT NULL COMMENT 'WAN接口子网掩码',
  `gateway` varchar(50) DEFAULT NULL COMMENT 'WAN接口网关',
  `dns` varchar(50) DEFAULT NULL COMMENT 'WAN接口DNS服务器',
  `interval` int(11) DEFAULT NULL,
  `create_time` datetime DEFAULT NULL,
  `update_time` datetime DEFAULT NULL,
  PRIMARY KEY (`mac`,`cabinet_no`) USING BTREE
) ENGINE=InnoDB DEFAULT CHARSET=utf8 COMMENT='智能柜表';

-- 正在导出表  app_base.cabinet 的数据：~21 rows (大约)
DELETE FROM `cabinet`;
/*!40000 ALTER TABLE `cabinet` DISABLE KEYS */;
INSERT INTO `cabinet` (`cabinet_id`, `m_id`, `cabinet_no`, `cabinet_name`, `station_no`, `slave_id`, `batch_no`, `cabdesc`, `cabinet_status`, `address`, `area`, `city`, `province`, `latitude`, `longitude`, `is_main`, `open_stauts`, `temperature`, `humidity`, `lock`, `matter_num`, `state_cantact`, `state_bolt`, `ventilation`, `ventilation_fan1`, `ventilation_fan2`, `light`, `dehumidification`, `dehumidification_fan1`, `dehumidification_fan2`, `dehumidification_hot1`, `dehumidification_hot2`, `temperature_hight_set`, `humidity_hight_set`, `temperature_set`, `humidity_set`, `discharge_air_time_out`, `dehumidify_time_out`, `warning_temperature`, `warning_humidity`, `warning_temperature_low`, `warning_humidity_low`, `lock_back_time`, `lock_close_try`, `label_discovery`, `ctl_logic`, `run_config`, `ctl_operation`, `sensor_no`, `version`, `open_time_out`, `auto_lock_time`, `run_time`, `ip`, `url`, `mac`, `submask`, `gateway`, `dns`, `interval`, `create_time`, `update_time`) VALUES
	(197036, 0, '', '应急柜', '', '', NULL, '', '0', NULL, NULL, NULL, NULL, NULL, NULL, 1, '0', '', '', '', 0, '', '', '', NULL, NULL, '', '', NULL, NULL, NULL, NULL, NULL, NULL, NULL, NULL, NULL, NULL, NULL, NULL, NULL, NULL, NULL, NULL, NULL, NULL, NULL, NULL, NULL, NULL, 59, 59, NULL, '', 'http://:8080/#/', '', '', '', '', NULL, '2023-06-12 09:58:26', '2023-06-12 10:03:46'),
	(2, 122, 'Cab1', '应急柜', '1', '1', 'UP202306061824777792', '1号智能柜', '0', NULL, NULL, NULL, NULL, NULL, NULL, 1, '2', '30.60', '51.25', '2', 3, '1', '2', '2', '2', '2', '2', '2', '2', '2', '2', '2', 25, 45, 10, 10, 20, 20, 35, 80, 5, 15, 25, 5, '5', '0', '0', '2', NULL, NULL, 120, 30, '2023-05-04 16:23:10', '192.168.7.11', 'http://192.168.7.11:8080/#/', '00-e0-1a-81-00-8c', '255.255.255.0', '192.168.7.1', NULL, NULL, '2023-06-06 18:24:33', '2023-07-24 16:52:27'),
	(3, 0, 'Cab2', NULL, '1', '2', 'UP202306061824777792', '2号智能柜', '0', NULL, NULL, NULL, NULL, NULL, NULL, 0, '1', '29.0', '56.3', '2', 0, '1', '2', '2', '2', '2', '2', '2', '2', '2', '2', '2', 25, 45, 10, 10, 20, 20, 35, 80, 15, 0, 25, 5, '5', '0', '0', '2', NULL, NULL, 120, 30, '2023-05-04 16:23:10', '192.168.7.101', 'http://192.168.7.101:8080/#/', '00-e0-1a-81-00-8c', '255.255.255.0', '192.168.7.1', NULL, NULL, '2023-06-06 18:24:33', '2023-06-20 11:14:28'),
	(4, 0, 'Cab3', NULL, '1', '3', 'UP202306061824777792', '3号智能柜', '0', NULL, NULL, NULL, NULL, NULL, NULL, 0, '2', '0.0', '0.0', '2', 0, '1', '2', '2', '2', '2', '1', '2', '2', '2', '2', '2', 25, 45, 10, 10, 20, 20, 35, 55, 15, NULL, 25, 5, '5', '0', '0', '2', NULL, NULL, 1800, 300, '2023-05-04 16:23:10', '192.168.7.102', 'http://192.168.7.102:8080/#/', '00-e0-1a-81-00-8c', '255.255.255.0', '192.168.7.1', NULL, NULL, '2023-06-06 18:24:33', '2023-06-20 11:14:28'),
	(5, 0, 'Cab4', NULL, '1', '4', 'UP202306061824777792', '4号智能柜', '0', NULL, NULL, NULL, NULL, NULL, NULL, 0, '2', '0.0', '0.0', '2', 0, '1', '2', '2', '2', '2', '1', '2', '2', '2', '2', '2', 25, 45, 10, 10, 20, 20, 35, 55, 15, NULL, 25, 5, '5', '0', '0', '2', NULL, NULL, 1800, 300, '2023-05-04 16:23:11', '192.168.7.103', 'http://192.168.7.103:8080/#/', '00-e0-1a-81-00-8c', '255.255.255.0', '192.168.7.1', NULL, NULL, '2023-06-06 18:24:33', '2023-06-20 11:14:28'),
	(982229, 0, 'Cab1', NULL, '1', '1', 'SZ202306021130777797', '1号智能柜', '0', NULL, NULL, NULL, NULL, NULL, NULL, 1, '1', '0.0', '0.0', '1', 0, '1', '1', '2', '2', '2', '2', '2', '2', '2', '2', '2', 40, 60, 10, 10, 20, 20, 45, 65, 15, 20, 25, 5, '5', '0', '0', '2', NULL, NULL, 120, 30, '2023-03-23 17:02:00', '192.168.3.11', 'http://192.168.3.11:8080/#/', '00-e0-2d-1a-50-a3', '255.255.255.0', '192.168.10.1', NULL, NULL, '2023-06-02 11:30:38', '2023-06-02 12:32:41'),
	(982230, 0, 'Cab2', NULL, '1', '2', 'SZ202306021130777797', '2号智能柜', '0', NULL, NULL, NULL, NULL, NULL, NULL, 0, '2', '28.10', '59.90', '2', 0, '2', '2', '2', '2', '2', '2', '2', '2', '2', '2', '2', 35, 55, 10, 20, 20, 20, 45, 65, 15, 20, 25, 5, '5', '0', '0', '2', NULL, NULL, 120, 30, '2023-03-15 16:52:11', '192.168.3.101', 'http://192.168.3.101:8080/#/', '00-e0-2d-1a-50-a3', '255.255.255.0', '192.168.3.1', NULL, NULL, '2023-06-02 11:30:38', '2023-06-02 12:32:41'),
	(982231, 0, 'Cab3', NULL, '1', '3', 'SZ202306021130777797', '3号智能柜', '0', NULL, NULL, NULL, NULL, NULL, NULL, 0, '2', '27.85', '60.05', '2', 0, '2', '2', '2', '2', '2', '2', '2', '2', '2', '2', '2', 40, 60, 10, 10, 20, 20, 45, 65, 15, 20, 25, 5, '5', '0', '0', '2', NULL, NULL, 120, 30, '2023-04-04 20:05:06', '192.168.3.102', 'http://192.168.3.102:8080/#/', '00-e0-2d-1a-50-a3', '255.255.255.0', '192.168.3.1', NULL, NULL, '2023-06-02 11:30:38', '2023-06-02 12:32:41'),
	(888092, 0, 'Cab1', NULL, '1', '1', 'SZ202305301011777798', '1号智能柜', '0', NULL, NULL, NULL, NULL, NULL, NULL, 1, '1', '0.0', '0.0', '1', 0, '1', '1', '2', '2', '2', '2', '2', '2', '2', '2', '2', 40, 60, 10, 10, 20, 20, 45, 65, 15, 20, 25, 5, '5', '0', '0', '2', NULL, NULL, 120, 30, '2023-03-23 17:02:00', '192.168.3.11', 'http://192.168.3.11:8080/#/', '00-e0-b4-59-2b-60', '255.255.255.0', '192.168.10.1', NULL, NULL, '2023-05-30 10:11:45', '2023-06-05 10:41:50'),
	(888093, 0, 'Cab2', NULL, '1', '2', 'SZ202305301011777798', '2号智能柜', '0', NULL, NULL, NULL, NULL, NULL, NULL, 0, '2', '24.20', '66.65', '2', 4, '2', '2', '2', '2', '2', '2', '2', '2', '2', '2', '2', 30, 65, 10, 20, 20, 20, 45, 65, 15, 20, 25, 5, '5', '0', '0', '2', NULL, NULL, 120, 30, '2023-03-15 16:52:11', '192.168.3.101', 'http://192.168.3.101:8080/#/', '00-e0-b4-59-2b-60', '255.255.255.0', '192.168.3.1', NULL, NULL, '2023-05-30 10:11:45', '2023-06-05 10:41:50'),
	(888094, 0, 'Cab3', NULL, '1', '3', 'SZ202305301011777798', '3号智能柜', '0', NULL, NULL, NULL, NULL, NULL, NULL, 0, '2', '23.80', '66.00', '2', 4, '2', '2', '2', '2', '2', '2', '2', '2', '2', '2', '2', 30, 65, 10, 10, 20, 20, 45, 65, 15, 20, 25, 5, '5', '0', '0', '2', NULL, NULL, 120, 30, '2023-04-04 20:05:06', '192.168.3.102', 'http://192.168.3.102:8080/#/', '00-e0-b4-59-2b-60', '255.255.255.0', '192.168.3.1', NULL, NULL, '2023-05-30 10:11:45', '2023-06-05 10:41:50'),
	(950057, 0, 'Cab1', NULL, '1', '1', 'SZ202305311658777795', '1号智能柜', '0', NULL, NULL, NULL, NULL, NULL, NULL, 1, '2', '26.3', '67.1', '2', 0, '2', '2', '2', '2', '2', '2', '2', '2', '2', '2', '2', NULL, NULL, NULL, NULL, NULL, NULL, NULL, NULL, NULL, NULL, NULL, NULL, NULL, NULL, NULL, NULL, NULL, NULL, 120, 60, '2023-05-31 16:58:06', '192.168.3.11', 'http://192.168.3.11:8080/#/', '00-e0-b4-5a-59-93', '255.255.255.0', '192.168.2.1', NULL, NULL, '2023-05-31 16:58:24', '2023-06-20 11:15:11'),
	(4767, 0, 'Cab2', NULL, '1', '2', 'SZ202306071414777797', '2号智能柜', '0', NULL, NULL, NULL, NULL, NULL, NULL, 0, '2', '26.6', '65.2', '2', 0, '2', '2', '1', '1', '1', '2', '1', '1', '1', '1', '1', NULL, NULL, NULL, NULL, NULL, NULL, NULL, NULL, NULL, NULL, NULL, NULL, NULL, NULL, NULL, NULL, NULL, NULL, 120, 60, '2023-06-07 14:14:23', '192.168.3.101', 'http://192.168.3.101:8080/#/', '00-e0-b4-5a-59-93', '255.255.255.0', '192.168.3.1', NULL, NULL, '2023-06-07 14:14:32', '2023-07-11 14:17:59'),
	(950666, 0, 'Cab1', NULL, '1', '1', 'SZ202306012022777791', '1号智能柜', '0', NULL, NULL, NULL, NULL, NULL, NULL, 1, '1', '0.0', '0.0', '1', 0, '1', '1', '2', '2', '2', '2', '2', '2', '2', '2', '2', 40, 60, 10, 10, 20, 20, 45, 65, 15, 20, 25, 5, '5', '0', '0', '2', NULL, NULL, 120, 30, '2023-03-23 17:02:00', '192.168.3.11', 'http://192.168.3.11:8080/#/', '02-77-58-55-46-4a', '255.255.255.0', '192.168.10.1', NULL, NULL, '2023-06-01 20:22:50', '2023-06-01 20:31:10'),
	(950667, 0, 'Cab2', NULL, '1', '2', 'SZ202306012022777791', '2号智能柜', '0', NULL, NULL, NULL, NULL, NULL, NULL, 0, '1', '26.9', '68.5', '1', 0, '1', '1', '2', '2', '2', '1', '2', '2', '2', '2', '2', 35, 55, 10, 20, 20, 20, 45, 65, 15, 20, 25, 5, '5', '0', '0', '2', NULL, NULL, 120, 30, '2023-03-15 16:52:11', '192.168.3.101', 'http://192.168.3.101:8080/#/', '02-77-58-55-46-4a', '255.255.255.0', '192.168.3.1', NULL, NULL, '2023-06-01 20:22:50', '2023-06-01 20:31:10'),
	(950668, 0, 'Cab3', NULL, '1', '3', 'SZ202306012022777791', '3号智能柜', '0', NULL, NULL, NULL, NULL, NULL, NULL, 0, '2', '0.0', '0.0', '2', 0, '1', '2', '2', '2', '2', '1', '2', '2', '2', '2', '2', 40, 60, 10, 10, 20, 20, 45, 65, 15, 20, 25, 5, '5', '0', '0', '2', NULL, NULL, 120, 30, '2023-04-04 20:05:06', '192.168.3.102', 'http://192.168.3.102:8080/#/', '02-77-58-55-46-4a', '255.255.255.0', '192.168.3.1', NULL, NULL, '2023-06-01 20:22:50', '2023-06-01 20:31:10'),
	(515242, 0, '001', '应急柜', '', '', NULL, '22322323', '1', '', '三水区', '佛山市', '广东省', NULL, NULL, 1, '0', '', '', '', 0, '', '', '', NULL, NULL, '', '', NULL, NULL, NULL, NULL, NULL, NULL, NULL, NULL, NULL, NULL, NULL, NULL, NULL, NULL, NULL, NULL, NULL, NULL, NULL, NULL, NULL, NULL, 59, 59, NULL, '', NULL, '322323', '', '', '', NULL, '2023-07-24 16:59:53', NULL),
	(515243, 0, '00', NULL, NULL, NULL, NULL, NULL, '0', NULL, '高明区', '佛山市', '广东省', NULL, NULL, NULL, NULL, NULL, NULL, NULL, NULL, NULL, NULL, NULL, NULL, NULL, NULL, NULL, NULL, NULL, NULL, NULL, NULL, NULL, NULL, NULL, NULL, NULL, NULL, NULL, NULL, NULL, NULL, NULL, NULL, NULL, NULL, NULL, NULL, NULL, 59, 59, NULL, '001', NULL, 'E4-3A-6E-14-38-32', NULL, NULL, NULL, NULL, '2023-07-25 16:14:21', NULL),
	(887909, 0, 'Cab1', NULL, '1', '1', 'SZ202305301007777796', '1号智能柜', '0', NULL, NULL, NULL, NULL, NULL, NULL, 1, '2', '21.5', '72.2', '2', 4, '2', '2', '1', '1', '1', '2', '1', '1', '1', '1', '1', 60, 40, 10, 10, 20, 20, 60.05, 70.05, 15, 35, 25, 5, '5', '0', '0', '2', NULL, NULL, 90, 30, '2023-03-23 17:02:00', '192.168.3.11', 'http://192.168.3.11:8080/#/', 'f4-4e-e3-e0-a8-5d', '255.255.255.0', '192.168.3.1', NULL, NULL, '2023-05-30 10:07:45', '2023-05-30 11:36:08'),
	(887910, 0, 'Cab2', NULL, '1', '2', 'SZ202305301007777796', '2号智能柜', '0', NULL, NULL, NULL, NULL, NULL, NULL, 0, '2', '21.8', '70.5', '2', 3, '2', '2', '1', '1', '1', '2', '1', '1', '1', '1', '1', 60, 40, 10, 10, 20, 20, 60.05, 70.05, 15, 35, 25, 5, '5', '0', '0', '2', NULL, NULL, 90, 30, '2023-03-15 16:52:11', '192.168.3.101', 'http://192.168.3.101:8080/#/', 'f4-4e-e3-e0-a8-5d', '255.255.255.0', '192.168.3.1', NULL, NULL, '2023-05-30 10:07:45', '2023-05-30 11:36:08'),
	(887911, 0, 'Cab3', NULL, '1', '3', 'SZ202305301007777796', '3号智能柜', '0', NULL, NULL, NULL, NULL, NULL, NULL, 0, '1', '22.4', '68.9', '1', 0, '1', '1', '2', '2', '2', '2', '2', '2', '2', '2', '2', NULL, NULL, NULL, NULL, NULL, NULL, NULL, NULL, NULL, NULL, NULL, NULL, NULL, NULL, NULL, NULL, NULL, NULL, 59, 59, '2023-04-04 20:05:06', '192.168.3.102', 'http://192.168.3.102:8080/#/', 'f4-4e-e3-e0-a8-5d', '255.255.255.0', '192.168.3.1', NULL, NULL, '2023-05-30 10:07:45', '2023-05-30 11:36:08');
/*!40000 ALTER TABLE `cabinet` ENABLE KEYS */;

-- 导出  函数 app_base.currval 结构
DELIMITER //
CREATE FUNCTION `currval`(seq_name VARCHAR(50)) RETURNS int(11)
    DETERMINISTIC
BEGIN
     DECLARE value INTEGER; 
     SET value = 0; 
     SELECT current_value INTO value 
          FROM sequence
          WHERE name = seq_name; 
     RETURN value; 
END//
DELIMITER ;

-- 导出  表 app_base.device 结构
CREATE TABLE IF NOT EXISTS `device` (
  `id` int(11) NOT NULL,
  `code` varchar(150) DEFAULT NULL COMMENT '设备编号',
  `model` varchar(50) DEFAULT NULL COMMENT '型号',
  `desc` varchar(150) DEFAULT NULL COMMENT '设备描述',
  `longitude` varchar(50) DEFAULT NULL COMMENT '经度',
  `latitude` varchar(50) DEFAULT NULL COMMENT '纬度',
  `province` varchar(50) DEFAULT NULL COMMENT '省',
  `city` varchar(50) DEFAULT NULL COMMENT '市',
  `area` varchar(50) DEFAULT NULL COMMENT '区',
  `address` varchar(250) DEFAULT NULL COMMENT '具体地址',
  `url` varchar(250) DEFAULT NULL,
  `length` int(50) DEFAULT '0' COMMENT '箱长mm',
  `width` int(11) DEFAULT NULL COMMENT '箱宽MM',
  `hight` int(11) DEFAULT NULL COMMENT '箱高mm',
  `self_weight` int(11) DEFAULT NULL COMMENT '自重kg',
  `support_weight` int(11) DEFAULT NULL COMMENT '承重kg',
  `remark` varchar(250) DEFAULT NULL COMMENT '备注',
  `create_time` datetime DEFAULT NULL COMMENT '创建时间',
  `update_time` datetime DEFAULT NULL COMMENT '修改时间',
  PRIMARY KEY (`id`) USING BTREE
) ENGINE=InnoDB DEFAULT CHARSET=utf8 ROW_FORMAT=DYNAMIC;

-- 正在导出表  app_base.device 的数据：~0 rows (大约)
DELETE FROM `device`;
/*!40000 ALTER TABLE `device` DISABLE KEYS */;
/*!40000 ALTER TABLE `device` ENABLE KEYS */;

-- 导出  表 app_base.line_status 结构
CREATE TABLE IF NOT EXISTS `line_status` (
  `id` int(11) NOT NULL,
  `type` varchar(50) DEFAULT NULL COMMENT '设备类型，1为网络设备，2为器具柜',
  `dev_date` date DEFAULT NULL COMMENT '日期',
  `online_num` int(11) DEFAULT '0' COMMENT '在线数量',
  `offline_num` int(11) DEFAULT '0' COMMENT '离线数量',
  `createTime` datetime DEFAULT NULL COMMENT '创建时间',
  `updateTime` datetime DEFAULT NULL COMMENT '修改时间',
  PRIMARY KEY (`id`) USING BTREE
) ENGINE=InnoDB DEFAULT CHARSET=utf8 ROW_FORMAT=DYNAMIC;

-- 正在导出表  app_base.line_status 的数据：~0 rows (大约)
DELETE FROM `line_status`;
/*!40000 ALTER TABLE `line_status` DISABLE KEYS */;
/*!40000 ALTER TABLE `line_status` ENABLE KEYS */;

-- 导出  表 app_base.menu 结构
CREATE TABLE IF NOT EXISTS `menu` (
  `menu_id` int(11) NOT NULL AUTO_INCREMENT COMMENT '菜单ID',
  `menu_name` varchar(64) DEFAULT NULL COMMENT '菜单名字',
  `parent_menu_id` int(11) DEFAULT NULL COMMENT '上级菜单ID',
  `type` char(1) DEFAULT NULL COMMENT '菜单类型（0一级菜单，1二级菜单2三级菜单）',
  `static_router` varchar(50) DEFAULT NULL COMMENT '路径名',
  `skip_url` varchar(125) DEFAULT NULL COMMENT '跳转url',
  `icon` varchar(125) DEFAULT NULL COMMENT '图标',
  `order_num` int(11) DEFAULT NULL COMMENT '排序',
  `is_out_url` char(1) DEFAULT '1' COMMENT '是否是外部地址0是，1否',
  `status` varchar(50) DEFAULT NULL COMMENT '菜单状态 1正常，0下架',
  `remark` varchar(255) DEFAULT NULL COMMENT '备注',
  `create_time` datetime DEFAULT NULL,
  `update_time` datetime DEFAULT NULL,
  PRIMARY KEY (`menu_id`) USING BTREE,
  UNIQUE KEY `menu_id` (`menu_id`) USING BTREE
) ENGINE=InnoDB DEFAULT CHARSET=utf8 ROW_FORMAT=COMPACT;

-- 正在导出表  app_base.menu 的数据：~7 rows (大约)
DELETE FROM `menu`;
/*!40000 ALTER TABLE `menu` DISABLE KEYS */;
INSERT INTO `menu` (`menu_id`, `menu_name`, `parent_menu_id`, `type`, `static_router`, `skip_url`, `icon`, `order_num`, `is_out_url`, `status`, `remark`, `create_time`, `update_time`) VALUES
	(1, '应急处理', 0, '0', '', '', '', 0, '', '1', '一级菜单', NULL, NULL),
	(2, '硬件管理', 0, '0', '', '2', 'Finished', 1, '0', '1', '一级菜单', NULL, NULL),
	(3, '项目管理', 0, '1', '/ProjectManage', '/projectManage', 'Files', 2, '0', '1', '一级菜单', NULL, NULL),
	(4, '人员管理', 0, '1', '/UserManage', '/userManage', 'Avatar', 3, '0', '1', '一级菜单', NULL, NULL),
	(5, '个人信息', 4, '1', '/SelfInformation', '/selfInformation', 'UserFilled', 4, '0', '1', '二级菜单', NULL, NULL),
	(6, '账户安全', 4, '1', '/AccountSecurity', '/accountSecurity', 'Lock', 5, '0', '1', '二级菜单', NULL, NULL),
	(7, '角色管理', 4, '1', '/Role', '/Role', 'Avatar', 6, '0', '1', '二级菜单', NULL, NULL);
/*!40000 ALTER TABLE `menu` ENABLE KEYS */;

-- 导出  表 app_base.merchant 结构
CREATE TABLE IF NOT EXISTS `merchant` (
  `m_id` int(11) NOT NULL AUTO_INCREMENT COMMENT '项目ID',
  `parent_m_id` int(11) DEFAULT NULL COMMENT '父项目ID',
  `is_parent` int(11) DEFAULT '0' COMMENT '是否为父项目（0无，1有）',
  `m_code` varchar(20) DEFAULT NULL COMMENT '项目编号',
  `m_name` varchar(64) DEFAULT NULL COMMENT '名称',
  `device` varchar(100) DEFAULT NULL COMMENT '接入设备',
  `m_banner` varchar(512) DEFAULT NULL,
  `m_balance` decimal(10,2) DEFAULT NULL COMMENT '余额',
  `m_logo` varchar(255) DEFAULT NULL,
  `m_desc` varchar(512) DEFAULT NULL COMMENT '描述',
  `m_status` varchar(1) DEFAULT NULL COMMENT '状态（1正常，2删除）',
  `address` varchar(255) DEFAULT NULL COMMENT '地址',
  `func_list_id` text,
  `wx_small_qrcode_Url` varchar(255) CHARACTER SET utf8 COLLATE utf8_bin DEFAULT NULL COMMENT '微信小程序二维码',
  `create_time` datetime DEFAULT NULL COMMENT '创建时间',
  `update_time` datetime DEFAULT NULL COMMENT '更新时间',
  PRIMARY KEY (`m_id`) USING BTREE
) ENGINE=InnoDB DEFAULT CHARSET=utf8 COMMENT='商户表';

-- 正在导出表  app_base.merchant 的数据：~5 rows (大约)
DELETE FROM `merchant`;
/*!40000 ALTER TABLE `merchant` DISABLE KEYS */;
INSERT INTO `merchant` (`m_id`, `parent_m_id`, `is_parent`, `m_code`, `m_name`, `device`, `m_banner`, `m_balance`, `m_logo`, `m_desc`, `m_status`, `address`, `func_list_id`, `wx_small_qrcode_Url`, `create_time`, `update_time`) VALUES
	(184, 0, 0, '', '张家口项目', '', NULL, NULL, NULL, '', '', '地址。。。。', NULL, 'http://192.168.100.201:8090//images/20240416/1a57d4edfe1a45b38b17d63f1d20488f.jpg', '2024-04-10 17:13:31', '2024-04-16 11:25:00'),
	(185, NULL, 0, NULL, '新增项目', NULL, NULL, NULL, NULL, '123456', NULL, NULL, NULL, 'http://192.168.100.201:8090//images/20240417/f92a7a19fc5c4ca99d7be2105db42138.jpg', '2024-04-17 17:59:22', '2024-04-17 17:56:27'),
	(186, NULL, 0, NULL, '新增项目12344', NULL, NULL, NULL, NULL, '123456', NULL, NULL, NULL, 'http://192.168.100.201:8090//images/20240417/f92a7a19fc5c4ca99d7be2105db42138.jpg', '2024-04-17 18:32:41', '2024-04-17 18:30:24'),
	(187, NULL, 0, NULL, '宁讯智达项目', NULL, NULL, NULL, NULL, '测试项目', NULL, NULL, NULL, 'http://192.168.100.201:8090//images/20240418/f8de14e8909440d98d3474c441937d41.jpg', '2024-04-18 14:48:08', '2024-04-18 15:20:49'),
	(188, NULL, 0, NULL, '智达测试', NULL, NULL, NULL, NULL, '智达测试项目', NULL, NULL, NULL, 'http://192.168.100.201:8090//images/20240419/d61f4546c36748fdb9f4fdc2c6cbf011.jpg', '2024-04-19 10:10:53', '2024-04-19 10:07:54');
/*!40000 ALTER TABLE `merchant` ENABLE KEYS */;

-- 导出  表 app_base.net_device 结构
CREATE TABLE IF NOT EXISTS `net_device` (
  `id` int(11) NOT NULL,
  `parent_id` int(11) DEFAULT NULL COMMENT '父设备id',
  `m_id` int(50) DEFAULT NULL COMMENT '项目id',
  `ac_device_sn` varchar(50) NOT NULL COMMENT '设备编号--AC序列号',
  `ac_device_name` varchar(100) DEFAULT NULL COMMENT '设备名称',
  `display_device_name` varchar(150) DEFAULT NULL COMMENT '显示设备名',
  `sortorder_device_name` varchar(150) DEFAULT NULL COMMENT '位置显示设备名',
  `display_sortorder` int(11) DEFAULT '0' COMMENT '显示顺序',
  `model` varchar(100) DEFAULT NULL COMMENT '设备型号',
  `ac_unit` varchar(20) DEFAULT NULL COMMENT '单位',
  `device_type` varchar(10) DEFAULT NULL COMMENT '设备类型 1.无线接入控制器、2.无线AP,3.4G路由网关,4.5G路由网关，6灭火器，7终端',
  `longitude` varchar(50) DEFAULT NULL COMMENT '经度',
  `latitude` varchar(50) DEFAULT NULL COMMENT '纬度',
  `province` varchar(50) DEFAULT NULL COMMENT '省',
  `city` varchar(50) DEFAULT NULL COMMENT '市',
  `area` varchar(50) DEFAULT NULL COMMENT '区',
  `address` varchar(250) DEFAULT NULL COMMENT '具体地址',
  `status` varchar(50) DEFAULT '0' COMMENT '状态（1在线,0离线)',
  `up_num` int(50) DEFAULT '0' COMMENT '上传信息次数',
  `url` varchar(250) DEFAULT NULL COMMENT '远程连接地址',
  `ac_device_hw` varchar(50) DEFAULT NULL COMMENT 'AC硬件版本号',
  `ac_device_sw` varchar(50) DEFAULT NULL COMMENT 'AC软件版本号',
  `ac_mac` varchar(50) NOT NULL COMMENT 'AC MAC地址',
  `ac_dial_mode` varchar(50) DEFAULT NULL COMMENT '拨号方式/取值：网络管理-internet配置。为三项中的一项“DHCP”或“PPPoE”或“Static”',
  `ac_ip` varchar(50) DEFAULT NULL COMMENT 'WAN接口IP地址',
  `ac_submask` varchar(50) DEFAULT NULL COMMENT 'WAN接口子网掩码',
  `ac_gateway` varchar(50) DEFAULT NULL COMMENT 'WAN接口网关',
  `ac_dns` varchar(50) DEFAULT NULL COMMENT 'WAN接口DNS服务器',
  `ac_current_time` varchar(50) DEFAULT NULL COMMENT 'AC运行当前时间和日期',
  `ac_runtime` varchar(250) DEFAULT NULL COMMENT 'AC运行的时长',
  `ac_time_zone` varchar(50) DEFAULT NULL COMMENT '设备时区，格式GMT+数字',
  `ac_ap_online_num` varchar(50) DEFAULT NULL COMMENT '在线的AP数量',
  `ac_user_online_num` varchar(50) DEFAULT NULL COMMENT '在线的用户数量',
  `ac_online_ap_info` text COMMENT '在线AP详情',
  `ap_ssid` text COMMENT 'ssid信息',
  `ap_radio` varchar(255) DEFAULT NULL COMMENT 'ap天线信息',
  `ap_ip_list` varchar(255) DEFAULT NULL COMMENT '连接AP设备IP地址表',
  `ap_runtime` datetime DEFAULT NULL COMMENT 'AP注册到AC的时间和日期',
  `ap_sys_time` datetime DEFAULT NULL COMMENT 'AP系统时间和日期',
  `ap_license_error` varchar(255) DEFAULT NULL COMMENT '报警、故障信息license错误信息两个取值Non或license err',
  `sta_signal` float DEFAULT '0' COMMENT '连接状态（信号强度）',
  `sta_runtime` datetime DEFAULT NULL COMMENT '连接时间',
  `sta_data_tx_rate` varchar(150) DEFAULT NULL COMMENT '上下行数据速率(发送)',
  `sta_data_rx_rate` varchar(150) DEFAULT NULL COMMENT '上下行数据速率(接收)',
  `remark` varchar(255) DEFAULT NULL COMMENT '地址',
  `interval` int(11) DEFAULT NULL COMMENT '实际状态信息发送间隔（秒）',
  `up_json` text COMMENT '上传的json字符串',
  `bind_time` datetime DEFAULT NULL COMMENT '绑定设备时间',
  `out_time` datetime DEFAULT NULL COMMENT '出厂时间',
  `create_time` datetime DEFAULT NULL COMMENT '创建时间',
  `update_time` datetime DEFAULT NULL COMMENT '修改时间',
  PRIMARY KEY (`ac_mac`) USING BTREE
) ENGINE=InnoDB DEFAULT CHARSET=utf8 ROW_FORMAT=DYNAMIC;

-- 正在导出表  app_base.net_device 的数据：~0 rows (大约)
DELETE FROM `net_device`;
/*!40000 ALTER TABLE `net_device` DISABLE KEYS */;
/*!40000 ALTER TABLE `net_device` ENABLE KEYS */;

-- 导出  函数 app_base.nextval 结构
DELIMITER //
CREATE FUNCTION `nextval`(seq_name VARCHAR(50)) RETURNS int(11)
    DETERMINISTIC
BEGIN
     UPDATE sequence
          SET current_value = current_value + increment 
          WHERE name = seq_name; 
     RETURN currval(seq_name); 
END//
DELIMITER ;

-- 导出  表 app_base.permission 结构
CREATE TABLE IF NOT EXISTS `permission` (
  `permission_id` int(11) NOT NULL,
  `permission` varchar(255) DEFAULT NULL,
  `permission_name` varchar(255) DEFAULT NULL,
  PRIMARY KEY (`permission_id`)
) ENGINE=InnoDB DEFAULT CHARSET=utf8 COMMENT='操作权限表';

-- 正在导出表  app_base.permission 的数据：~3 rows (大约)
DELETE FROM `permission`;
/*!40000 ALTER TABLE `permission` DISABLE KEYS */;
INSERT INTO `permission` (`permission_id`, `permission`, `permission_name`) VALUES
	(1, 'operation', '操作硬件'),
	(2, 'up_down_display', '上下级查看项目数据'),
	(3, 'self_display', '中看自己项目数据');
/*!40000 ALTER TABLE `permission` ENABLE KEYS */;

-- 导出  表 app_base.role 结构
CREATE TABLE IF NOT EXISTS `role` (
  `role_id` int(11) NOT NULL AUTO_INCREMENT,
  `role_name` varchar(255) DEFAULT NULL,
  `description` varchar(255) DEFAULT NULL COMMENT '角色描述',
  `menu_ids` text,
  `m_id` int(11) DEFAULT NULL COMMENT '商户ID',
  `role_status` char(1) DEFAULT '1' COMMENT '角色状态（1启用，0停用）',
  `create_time` datetime DEFAULT NULL,
  `update_time` datetime DEFAULT NULL,
  PRIMARY KEY (`role_id`)
) ENGINE=InnoDB DEFAULT CHARSET=utf8;

-- 正在导出表  app_base.role 的数据：~5 rows (大约)
DELETE FROM `role`;
/*!40000 ALTER TABLE `role` DISABLE KEYS */;
INSERT INTO `role` (`role_id`, `role_name`, `description`, `menu_ids`, `m_id`, `role_status`, `create_time`, `update_time`) VALUES
	(1, 'admin', '超级管理员', '1,2,3,5,6,7,8,9,10,11,12,13,14,15,16,17,18,19,20,4', 0, '1', NULL, NULL),
	(2, '管理员', '管理员', '1,2,3,5,6,7,8,9,10,11,12,13,14,15,16,17,18', 0, '1', '2023-06-06 13:40:21', NULL),
	(3, '政府人员', '政府人员', '1,2,3,5,6,7,8,9,10,11,12,13,14,15,16,17,18', 0, '1', '2023-06-06 13:51:32', NULL),
	(4, '企业人员', '企业人员', '1,2,3,5,6,7,8,9,10,11,12,13,14,15,16,17,18', 0, '1', '2023-06-30 10:41:32', NULL),
	(5, '应急人员', '应急处理人员', '1,2', 0, '1', '2024-04-18 15:03:14', NULL);
/*!40000 ALTER TABLE `role` ENABLE KEYS */;

-- 导出  表 app_base.role_permission 结构
CREATE TABLE IF NOT EXISTS `role_permission` (
  `role_id` int(11) NOT NULL,
  `permission_id` int(11) NOT NULL COMMENT '操作权限ID',
  PRIMARY KEY (`role_id`,`permission_id`),
  KEY `FKf8yllw1ecvwqy3ehyxawqa1qp` (`permission_id`),
  CONSTRAINT `FKf8yllw1ecvwqy3ehyxawqa1qp` FOREIGN KEY (`permission_id`) REFERENCES `permission` (`permission_id`)
) ENGINE=InnoDB DEFAULT CHARSET=utf8 COMMENT='角色操作关系表';

-- 正在导出表  app_base.role_permission 的数据：~7 rows (大约)
DELETE FROM `role_permission`;
/*!40000 ALTER TABLE `role_permission` DISABLE KEYS */;
INSERT INTO `role_permission` (`role_id`, `permission_id`) VALUES
	(1, 1),
	(2, 1),
	(3, 1),
	(4, 1),
	(5, 1),
	(3, 2),
	(5, 3);
/*!40000 ALTER TABLE `role_permission` ENABLE KEYS */;

-- 导出  表 app_base.sequence 结构
CREATE TABLE IF NOT EXISTS `sequence` (
  `name` varchar(50) COLLATE utf8_bin NOT NULL COMMENT '序列的名字',
  `current_value` int(11) NOT NULL COMMENT '序列的当前值',
  `increment` int(11) NOT NULL DEFAULT '1' COMMENT '序列的自增值',
  PRIMARY KEY (`name`)
) ENGINE=InnoDB DEFAULT CHARSET=utf8 COLLATE=utf8_bin;

-- 正在导出表  app_base.sequence 的数据：~8 rows (大约)
DELETE FROM `sequence`;
/*!40000 ALTER TABLE `sequence` DISABLE KEYS */;
INSERT INTO `sequence` (`name`, `current_value`, `increment`) VALUES
	('cabinetSeq', 515243, 1),
	('jobSeq', 1, 1),
	('logSeq', 11328, 1),
	('netDeviceSeq', 2722099, 1),
	('roleSeq', 1, 1),
	('taskSeq', 1, 1),
	('userInfoSeq', 79, 1),
	('userSeq', 80, 1);
/*!40000 ALTER TABLE `sequence` ENABLE KEYS */;

-- 导出  函数 app_base.setval 结构
DELIMITER //
CREATE FUNCTION `setval`(seq_name VARCHAR(50), value INTEGER) RETURNS int(11)
    DETERMINISTIC
BEGIN 
     UPDATE sequence 
          SET current_value = value 
          WHERE name = seq_name; 
     RETURN currval(seq_name); 
END//
DELIMITER ;

-- 导出  表 app_base.sys_log 结构
CREATE TABLE IF NOT EXISTS `sys_log` (
  `log_id` int(10) unsigned NOT NULL DEFAULT '0' COMMENT '主键id',
  `m_id` varchar(255) DEFAULT '' COMMENT '项目编号',
  `module` varchar(255) DEFAULT '' COMMENT '模块 模块内容',
  `type` int(11) DEFAULT NULL COMMENT '日志类型 1、后台日志，2.前台日志',
  `log_type` int(11) DEFAULT NULL COMMENT '日志操作类型 1、添加，2、查询、3、修改，4，删除',
  `msg` text COMMENT '内容',
  `user_id` int(111) DEFAULT NULL COMMENT '用户id',
  `user_name` varchar(31) DEFAULT '' COMMENT '操作用户',
  `url` varchar(255) DEFAULT '' COMMENT '请求地址',
  `method` varchar(255) DEFAULT '' COMMENT '方法',
  `param` longtext COMMENT '参数',
  `return_value` longtext COMMENT '返回值',
  `ip` varchar(50) DEFAULT NULL COMMENT 'IP地址',
  `create_time` datetime NOT NULL COMMENT '操作时间',
  `update_time` datetime DEFAULT NULL,
  PRIMARY KEY (`log_id`) USING BTREE
) ENGINE=InnoDB DEFAULT CHARSET=utf8 ROW_FORMAT=DYNAMIC COMMENT='日志记录表';

-- 正在导出表  app_base.sys_log 的数据：~2 rows (大约)
DELETE FROM `sys_log`;
/*!40000 ALTER TABLE `sys_log` DISABLE KEYS */;
INSERT INTO `sys_log` (`log_id`, `m_id`, `module`, `type`, `log_type`, `msg`, `user_id`, `user_name`, `url`, `method`, `param`, `return_value`, `ip`, `create_time`, `update_time`) VALUES
	(11327, NULL, '系统登录模块', 2, 1, '登陆:查询参数->密码:CV1620%35%32%33%38%39%36%18,用户名:admin;详细看返回值', NULL, NULL, NULL, 'com.soft.mapp.basecenter.impl.controller.ShiroController.login()', '{"password":"CV1620%35%32%33%38%39%36%18","username":"admin"};', '{"UNTREEIFY_THRESHOLD":6,"TREEIFY_THRESHOLD":8,"DEFAULT_LOAD_FACTOR":0.75,"threshold":12,"DEFAULT_INITIAL_CAPACITY":16,"modCount":5,"serialVersionUID":362498820763181265,"size":5,"loadFactor":0.75,"MAXIMUM_CAPACITY":1073741824,"MIN_TREEIFY_CAPACITY":64,"table":[{"result":{"roles":{"roleId":"1","roleName":"admin"},"name":"admin","id":"1"}},null,null,{"code":200},null,null,null,{"expire":43200},null,null,null,null,null,null,null,{"token":"OZD0KME6J3ZF9GYW9DTARWLWRRAC6RDBNOZ731Z4UYSII1L7Q9"}]}', NULL, '2024-04-21 17:37:02', NULL),
	(11328, NULL, '系统登录模块', 2, 1, '登陆:查询参数->密码:CV1620%35%32%33%38%39%36%18,用户名:admin;详细看返回值', NULL, NULL, NULL, 'com.soft.mapp.basecenter.impl.controller.ShiroController.login()', '{"password":"CV1620%35%32%33%38%39%36%18","username":"admin"};', '{"UNTREEIFY_THRESHOLD":6,"TREEIFY_THRESHOLD":8,"DEFAULT_LOAD_FACTOR":0.75,"threshold":12,"DEFAULT_INITIAL_CAPACITY":16,"modCount":5,"serialVersionUID":362498820763181265,"size":5,"loadFactor":0.75,"MAXIMUM_CAPACITY":1073741824,"MIN_TREEIFY_CAPACITY":64,"table":[{"result":{"roles":{"roleId":"1","roleName":"admin"},"name":"admin","id":"1"}},null,null,{"code":200},null,null,null,{"expire":43200},null,null,null,null,null,null,null,{"token":"EKD1JC1AKLRCINP2BGTYNGIABQ1URYT20NPJF8CQ30JO6YFCZ9"}]}', NULL, '2024-04-29 07:35:40', NULL);
/*!40000 ALTER TABLE `sys_log` ENABLE KEYS */;

-- 导出  表 app_base.sys_param 结构
CREATE TABLE IF NOT EXISTS `sys_param` (
  `id` int(11) NOT NULL COMMENT 'id',
  `m_id` int(11) NOT NULL COMMENT '项目ID',
  `param_type` varchar(32) NOT NULL DEFAULT ' ' COMMENT '参数类型',
  `param_code` varchar(32) NOT NULL COMMENT '参数代码',
  `param_name` varchar(64) DEFAULT NULL COMMENT '参数名称',
  `param_val` text COMMENT '参数值',
  `is_valid` char(1) DEFAULT '0' COMMENT '是否可用(0:不可用,1:可用，默认为i不可用0)',
  `status` char(2) DEFAULT '1' COMMENT '1:用户可见 2：用户不可见  3：用户可改',
  `remark` varchar(2000) DEFAULT NULL COMMENT '备注信息',
  `create_time` datetime DEFAULT NULL,
  `update_time` datetime DEFAULT NULL,
  PRIMARY KEY (`param_type`,`param_code`) USING BTREE
) ENGINE=InnoDB DEFAULT CHARSET=utf8 ROW_FORMAT=COMPACT COMMENT='系统参数表';

-- 正在导出表  app_base.sys_param 的数据：~27 rows (大约)
DELETE FROM `sys_param`;
/*!40000 ALTER TABLE `sys_param` DISABLE KEYS */;
INSERT INTO `sys_param` (`id`, `m_id`, `param_type`, `param_code`, `param_name`, `param_val`, `is_valid`, `status`, `remark`, `create_time`, `update_time`) VALUES
	(11, 0, 'localNetwork', '已连接', '专用', '以太', '0', '1', NULL, NULL, NULL),
	(4, 0, 'log', 'exit_day', '保留N天数据', '5', '0', '1', '保留多少的日志记录，param_val', NULL, NULL),
	(5, 0, 'menu', 'out_menu', '不能访问菜单', '系统日志;', '0', '1', '注册用不能访问的菜单', NULL, NULL),
	(42, 0, 'wx_public_config', 'access_token', 'linkom', '76_lHG20IigGSb5--qyQ_Sijia2pue3uWb2rmJo_IrwT8P0kxrGyKlwIgu_ZvP1K6SOtFZcU6k1ms6wxiFc0XiUkqTzvUyUzLPZ2zUm8X0cOVC_Gp3M6la7HcXVeFAJMXhAEAQTE', '0', '1', '微信公从号接口调用凭据', NULL, NULL),
	(39, 0, 'wx_public_config', 'app_id', 'linkom', 'wx1fa7d090afefcc0e', '0', '1', '微信公众号ID', NULL, NULL),
	(41, 0, 'wx_public_config', 'expires_in', 'linkom', '7198', '0', '1', '微信公从号凭证有效时间，单位：秒。目前是7200秒之内的值', NULL, NULL),
	(50, 0, 'wx_public_config', 'follow_url', 'url', 'https://mp.weixin.qq.com/s/ebrDivJMb5Ueh1soTjKFOw?poc_token=HCv1nGWjsA1zUezssvKLAsN-pQJNWwKldBM0sNnX', '0', '1', '公众号引导URL', NULL, NULL),
	(44, 0, 'wx_public_config', 'pagepath', 'small', 'pages/equInfo/equInfo', '0', '1', '跳转小程序页面', NULL, NULL),
	(40, 0, 'wx_public_config', 'secret', 'linkom', 'd598e0d8cf0af1a547bc675ae0b45e31', '0', '1', '微信公从号密钥', NULL, NULL),
	(46, 0, 'wx_public_config', 'subscribe_exception', '设备异常模板ID', 'puQwC4jJAdEpuaDOYvqlhJny9VH0298kQTYaXkLvl5I', '0', '1', '设备异常提醒模板id', NULL, NULL),
	(49, 0, 'wx_public_config', 'sync_user', 'flag', '0', '0', '1', '设备异常提醒模板id', NULL, NULL),
	(48, 0, 'wx_public_config', 'timeInterval', 'refresh', '2000', '0', '1', '设备异常提醒模板id', NULL, NULL),
	(43, 0, 'wx_public_config', 'token_refresh_time', 'linkom', '2024-01-09 17:52:11', '0', '1', '微信公从号刷凭据时间', NULL, NULL),
	(45, 0, 'wx_public_config', 'url', 'public', 'https://www.linkom.com.cn', '0', '1', '跳转网页', NULL, NULL),
	(30, 0, 'wx_small_config', 'access_token', 'linkom', '79_vw4K8wFqi5-mS-Kpa73jWiSF3eQuazZWWa1qkDtWMz2iBX6qH56uEsHwFgO-BdS1ahw7u6vYe7tM-RM4c19dMjgT9-zHw4n8WLUczqJdQfjL6k54cYcV8cwe9_8TUKiADAOPF', '0', '1', '微信小程序接口调用凭据', NULL, NULL),
	(27, 0, 'wx_small_config', 'app_id', 'linkom', 'wx8ee3a69484e1e8cf', '0', '1', '微信小程序ID', NULL, NULL),
	(29, 0, 'wx_small_config', 'expires_in', 'linkom', '7200', '0', '1', '微信小程序凭证有效时间，单位：秒。目前是7200秒之内的值', NULL, NULL),
	(47, 0, 'wx_small_config', 'follow_url', 'public_code', 'https://mp.weixin.qq.com/s?__biz=MzAwMzExMTg1MQ==&mid=2450738022&idx=1&sn=c65181ef3f10e9baad629979b025f768&chksm=8d27c5a2ba504cb437ef3e46558397c06dbe146e79f3d5a3c80e7c64cb3ceb6e82db185424ec#rd', '0', '1', '公众号关注地址', NULL, NULL),
	(32, 0, 'wx_small_config', 'hight', 'QRCode', '258', '0', '1', '微信小程序二维码高度', NULL, NULL),
	(35, 0, 'wx_small_config', 'http_page_prefix', 'QRCode', 'https://hdpt.linkom.com.cn/#/wxSmallPrg?mid=', '0', '1', '自产生二维码链接小程序地址前缀', NULL, NULL),
	(36, 0, 'wx_small_config', 'project_page_prefix', 'QRCode', 'pages/equInfo/equInfo?mid=', '0', '1', '小程序页项目页前缀', NULL, NULL),
	(33, 0, 'wx_small_config', 'scene', 'QRCode', '1', '0', '1', '微信小程序二维码场境一般为数字，或字母', NULL, NULL),
	(28, 0, 'wx_small_config', 'secret', 'linkom', 'e3467555ae35f08ae0221193649486ec', '0', '1', '微信小程序密钥', NULL, NULL),
	(31, 0, 'wx_small_config', 'token_refresh_time', 'linkom', '2024-04-01 10:32:31', '0', '1', '微信小程刷凭据时间', NULL, NULL),
	(34, 0, 'wx_small_config', 'width', 'QRCode', '258', '0', '1', '微信小程序二维码宽度，或字母', NULL, NULL),
	(37, 0, 'wx_small_subscribe', 'subscribe_exception', '设备异常模板ID', 'LbJvDvp-GNLR0tuKgIl2noImY9u5dkf5ZNMUJCPcivU', '0', '1', '设备异常提醒模板id', NULL, NULL),
	(38, 0, 'wx_small_subscribe', 'subscribe_status', '设备状态模板ID', 'hEV_BX2hHwwVB6QGZYGXrmMMg2QQ9Wc95v-s62QmUdg', '0', '1', '设备状态提醒模板id', NULL, NULL);
/*!40000 ALTER TABLE `sys_param` ENABLE KEYS */;

-- 导出  表 app_base.sys_token 结构
CREATE TABLE IF NOT EXISTS `sys_token` (
  `user_id` int(11) NOT NULL,
  `expire_time` datetime DEFAULT NULL,
  `token` varchar(255) DEFAULT NULL,
  `update_time` datetime DEFAULT NULL,
  PRIMARY KEY (`user_id`)
) ENGINE=InnoDB DEFAULT CHARSET=utf8;

-- 正在导出表  app_base.sys_token 的数据：~5 rows (大约)
DELETE FROM `sys_token`;
/*!40000 ALTER TABLE `sys_token` DISABLE KEYS */;
INSERT INTO `sys_token` (`user_id`, `expire_time`, `token`, `update_time`) VALUES
	(1, '2024-05-30 19:35:40', 'EKD1JC1AKLRCINP2BGTYNGIABQ1URYT20NPJF8CQ30JO6YFCZ9', '2024-04-29 07:35:40'),
	(2, '2024-04-18 21:23:02', 'AY84A6MC9AYNM4MBAOBJPT96QG5IUJDNULE7YQ93Q7JGT8J3T0', '2024-04-18 09:23:02'),
	(75, '2024-04-19 01:17:30', 'R4IP0SIW62TV0I3HD5OWE8PX9O3MAQ808YU4PM5E8XD6SHLV24', '2024-04-18 13:17:30'),
	(78, '2024-04-20 07:58:42', 'UTGHOHL18YQZTEB1QVPT3PO42ZGZWJ33VKS1N3GX0Y9TFED9N5', '2024-04-19 19:58:42'),
	(79, '2024-04-19 22:31:13', 'MVC57LY9T8QKKMMA6WLKX1X5QC5GXYDBP2OE7FO2JGCPJFN2D7', '2024-04-19 10:31:13');
/*!40000 ALTER TABLE `sys_token` ENABLE KEYS */;

-- 导出  表 app_base.task 结构
CREATE TABLE IF NOT EXISTS `task` (
  `id` int(11) NOT NULL AUTO_INCREMENT COMMENT 'id',
  `parent_id` int(11) DEFAULT NULL COMMENT '父ID',
  `req_code` varchar(255) DEFAULT NULL COMMENT '请求编号，每个请求要唯一编号',
  `job_id` varchar(255) DEFAULT NULL COMMENT '作业编号，同一个作业编号的多个指令必须由一个AGV执行',
  `order_id` varchar(255) DEFAULT NULL COMMENT '指令编号',
  `order_type` varchar(255) DEFAULT NULL COMMENT '指令类型, carry搬运，move行走，charge充电',
  `from` varchar(255) DEFAULT NULL COMMENT '搬运或行走指令起点(如果起点为空，则agv当前位置为起点)',
  `to` varchar(255) DEFAULT NULL COMMENT '搬运或行走指令终点',
  `is_drop` varchar(255) DEFAULT NULL COMMENT '到达终点是否放货，1：放货 0：不放货',
  `is_last_order` varchar(255) DEFAULT NULL COMMENT '是否作业最后一个指令，1：是 0：不是；如果是最后一个指令，完成该指令后，释放AGV',
  `priority` varchar(255) DEFAULT NULL COMMENT '指令优先级,1~5级，值越大，优先级越高',
  `job_status` varchar(255) DEFAULT NULL COMMENT '作业状态1：执行中；0待执行;-1 执行失败;2关联任务待执行',
  `car_no` varchar(255) DEFAULT NULL COMMENT '执行任务的小车编号',
  `is_has_job_id` varchar(255) DEFAULT NULL COMMENT '执行中和待执行任务中是否有相同的作业编号',
  `task_id` varchar(255) DEFAULT NULL COMMENT '任务编号',
  `task_time` bigint(20) DEFAULT NULL COMMENT 'mes下发任务时间 任务超过一天 就删除',
  `job_id_agv` varchar(255) DEFAULT NULL COMMENT 'AGV 任务ID',
  `agv_id` varchar(255) DEFAULT NULL COMMENT '执行任务的AGV',
  `create_time` datetime DEFAULT NULL COMMENT '创建时间',
  `update_time` datetime DEFAULT NULL COMMENT '更新时间',
  PRIMARY KEY (`id`) USING BTREE,
  UNIQUE KEY `id` (`id`) USING BTREE
) ENGINE=InnoDB DEFAULT CHARSET=utf8 ROW_FORMAT=COMPACT COMMENT='小车任务表';

-- 正在导出表  app_base.task 的数据：~0 rows (大约)
DELETE FROM `task`;
/*!40000 ALTER TABLE `task` DISABLE KEYS */;
/*!40000 ALTER TABLE `task` ENABLE KEYS */;

-- 导出  表 app_base.t_device 结构
CREATE TABLE IF NOT EXISTS `t_device` (
  `GID` varchar(36) NOT NULL COMMENT '主键',
  `DEVICETYPECODE` varchar(50) NOT NULL COMMENT '设备分类CODE',
  `MID` varchar(50) DEFAULT NULL COMMENT '项目ID',
  `CATALOGCODE` varchar(50) DEFAULT NULL COMMENT '设备分类目录CODE',
  `DESCCODE` varchar(255) DEFAULT NULL COMMENT '模版编码CODE',
  `DEVICETAGCODE` varchar(50) DEFAULT NULL COMMENT '设备业务类型编码',
  `SYSTEMCODE` varchar(50) DEFAULT NULL COMMENT '系统来源',
  `DEVICENAME` varchar(255) DEFAULT NULL COMMENT '设备名称',
  `DEVICESN` varchar(200) DEFAULT NULL COMMENT '设备编号--序列号',
  `GATEWAYSN` varchar(250) DEFAULT NULL COMMENT '网关编号',
  `DISPLAYDEVICENAME` varchar(150) DEFAULT NULL COMMENT '显示设备名',
  `SORTORDERDEVICENAME` varchar(150) DEFAULT NULL COMMENT '位置显示设备名',
  `DISPLAYSORTORDER` varchar(150) DEFAULT NULL COMMENT '显示顺序,安装位置',
  `USERID` varchar(255) DEFAULT NULL COMMENT '设备业务操作人员代码',
  `USERNAME` varchar(255) DEFAULT NULL COMMENT '设备业务操作人员名称',
  `LONGITUDE` varchar(50) DEFAULT NULL COMMENT '经度',
  `LATITUDE` varchar(50) DEFAULT NULL COMMENT '纬度',
  `PROVINCE` varchar(50) DEFAULT NULL COMMENT '省',
  `CITY` varchar(50) DEFAULT NULL COMMENT '市',
  `AREA` varchar(50) DEFAULT NULL COMMENT '区',
  `ADDRESS` varchar(250) DEFAULT NULL COMMENT '具体地址',
  `STATUS` varchar(50) DEFAULT '0' COMMENT '状态（1在线,0离线)',
  `OPHAPPTM` datetime DEFAULT NULL COMMENT '业务发生时间',
  `MNAME` varchar(64) DEFAULT NULL COMMENT '项目名称',
  `DEVICEHW` varchar(50) DEFAULT NULL COMMENT '硬件版本号',
  `DEVICESW` varchar(50) DEFAULT NULL COMMENT '软件版本号',
  `MAC` varchar(50) DEFAULT NULL COMMENT 'MAC地址',
  `IP` varchar(50) DEFAULT NULL COMMENT 'IP地址',
  `SUBMASK` varchar(50) DEFAULT NULL COMMENT '子网掩码',
  `GATEWAY` varchar(50) DEFAULT NULL COMMENT '网关',
  `DNS` varchar(50) DEFAULT NULL COMMENT 'DNS服务器',
  `CURRENT_TIME` datetime DEFAULT NULL COMMENT '运行状态在线当前时间和日期',
  `RUNTIME` varchar(250) DEFAULT NULL COMMENT '运行的时长',
  `REMARK` varchar(255) DEFAULT NULL COMMENT '备注',
  `INTERVAL` int(11) DEFAULT NULL COMMENT '实际状态信息发送间隔（秒）',
  `UPJSON` longtext COMMENT '上传的json字符串',
  `IMGINKSCREEN` longtext COMMENT '墨水屏显示Base64',
  `BINDTIME` datetime DEFAULT NULL COMMENT '绑定设备时间',
  `OUTTIME` datetime DEFAULT NULL COMMENT '出厂时间',
  `LAST_TIME` datetime DEFAULT NULL COMMENT '最后更新时间',
  `CREATE_TIME` datetime NOT NULL COMMENT '创建时间',
  UNIQUE KEY `UNI_T_DEVICE_GID` (`GID`) USING BTREE,
  KEY `IND_TT_DEVICE_TYPECODE` (`DEVICETYPECODE`) USING BTREE,
  KEY `IND_T_DEVICE_CATALCODE` (`CATALOGCODE`) USING BTREE,
  KEY `IND_T_DEVICE_COMPCODE` (`DEVICESN`) USING BTREE
) ENGINE=InnoDB DEFAULT CHARSET=utf8;

-- 正在导出表  app_base.t_device 的数据：~4 rows (大约)
DELETE FROM `t_device`;
/*!40000 ALTER TABLE `t_device` DISABLE KEYS */;
INSERT INTO `t_device` (`GID`, `DEVICETYPECODE`, `MID`, `CATALOGCODE`, `DESCCODE`, `DEVICETAGCODE`, `SYSTEMCODE`, `DEVICENAME`, `DEVICESN`, `GATEWAYSN`, `DISPLAYDEVICENAME`, `SORTORDERDEVICENAME`, `DISPLAYSORTORDER`, `USERID`, `USERNAME`, `LONGITUDE`, `LATITUDE`, `PROVINCE`, `CITY`, `AREA`, `ADDRESS`, `STATUS`, `OPHAPPTM`, `MNAME`, `DEVICEHW`, `DEVICESW`, `MAC`, `IP`, `SUBMASK`, `GATEWAY`, `DNS`, `CURRENT_TIME`, `RUNTIME`, `REMARK`, `INTERVAL`, `UPJSON`, `IMGINKSCREEN`, `BINDTIME`, `OUTTIME`, `LAST_TIME`, `CREATE_TIME`) VALUES
	('0939d5580c5532b3ee8014c770bc01bf', '0103', '0', '0103-001', '2024|base|0103|0103-001', NULL, 'YJCUP', '应急仓', 'BeiJing116', NULL, '北京116', NULL, NULL, NULL, NULL, '123.456', '456.789', '北京市', '东城区', NULL, '长安街', '1', '2024-04-17 19:06:13', NULL, '478', NULL, NULL, NULL, NULL, NULL, NULL, NULL, NULL, NULL, 198820, '{"address":"长安街","area":"","cabinetId":0,"cabinetNo":"Cab1","city":"东城区","code":"BeiJing116","createTime":1711435404000,"desc":"我叫山鸡的应急舱","deviceHw":"478","deviceId":562,"deviceSw":"","hight":9,"latitude":456.789,"length":12,"longitude":123.456,"model":"YJC","opHw":"","province":"北京市","remark":"","selfWeight":3,"stationNo":"1","status":1,"supportWeight":28,"updateTime":1713351973000,"url":"http://192.168.100.230:8092/images/20240416/964e0ad0131c46a3a1db72187fdbc94d.jpg","width":3}', NULL, NULL, NULL, '2024-04-20 15:05:33', '2024-04-17 15:21:05'),
	('8f2f7ed3e8e2c0f385ad0a94009ae69f', '0103', '0', '0103-001', '2024|base|0103|0103-001', NULL, 'YJCUP', '应急仓', 'xuzhou118', NULL, NULL, NULL, NULL, NULL, NULL, '123.456', '456.789', '浙江省', '杭州市', '西湖区', '绍兴路', '1', '2024-04-20 02:57:20', NULL, '541', NULL, NULL, NULL, NULL, NULL, NULL, NULL, NULL, NULL, 43041, '{"address":"绍兴路","area":"西湖区","cabinetId":0,"cabinetNo":"Cab1","city":"杭州市","code":"xuzhou118","createTime":1711435404000,"desc":"徐州的应急舱","deviceHw":"541","deviceId":547,"deviceSw":"","hight":2,"latitude":456.789,"length":8,"longitude":123.456,"model":"YJC","name":"应急仓","opHw":"","province":"浙江省","remark":"","selfWeight":8,"stationNo":"1","status":1,"supportWeight":8,"updateTime":1713553040000,"url":"","width":8}', NULL, NULL, NULL, '2024-04-20 14:54:42', '2024-04-19 19:48:56'),
	('aed85a95100243ed12e905db88ecdd0d', '0105', '0', '0105-001', '2023|base|0105|0105-001', NULL, NULL, '娃娃机', '864708066783450', NULL, NULL, NULL, NULL, NULL, NULL, NULL, NULL, NULL, NULL, NULL, NULL, '1', NULL, NULL, NULL, NULL, '89861123215034905898', '/117.61.106.21:44613', NULL, '/117.61.106.21:44613', NULL, NULL, NULL, NULL, 0, '{"fver":"YED_DTU_1.2.6","iccid":"89861123215034905898","imei":"864708066783450","csq":28}', NULL, NULL, NULL, '2024-05-02 22:30:32', '2024-04-23 00:27:36'),
	('b8dc4f43757a036ba1520dce9937e69d', '0103', '0', '0103-001', '2024|base|0103|0103-001', NULL, 'YJCUP', '应急仓', 'BeiJing118', NULL, '西湖区应急舱', NULL, NULL, NULL, NULL, '12138.45', '12138.78', '浙江省', '西湖区', NULL, '长安街', '1', '2024-04-19 14:29:03', NULL, '5445', NULL, NULL, NULL, NULL, NULL, NULL, NULL, NULL, NULL, 78, '{"address":"","area":"","cabinetId":0,"cabinetNo":"Cab1","city":"西湖区","code":"BeiJing118","createTime":1711435404000,"desc":"烤山鸡","deviceHw":"5445","deviceId":5548,"deviceSw":"","hight":2,"latitude":12138.78,"length":9,"longitude":12138.45,"model":"YJC","name":"应急仓","opHw":"","province":"浙江省","remark":"","selfWeight":2,"stationNo":"1","status":1,"supportWeight":8,"updateTime":1713508143000,"url":"http://192.168.100.230:8092/images/20240418/3972f49f65dd4765ab1bf1910b6e93a0.jpg","width":3}', NULL, NULL, NULL, '2024-04-19 14:27:45', '2024-04-18 15:25:58');
/*!40000 ALTER TABLE `t_device` ENABLE KEYS */;

-- 导出  表 app_base.t_device_extend 结构
CREATE TABLE IF NOT EXISTS `t_device_extend` (
  `GID` varchar(36) NOT NULL COMMENT '主键',
  `DEVICEGID` varchar(36) NOT NULL COMMENT '设备基础数据ID',
  `DEVICETYPECODE` varchar(50) NOT NULL COMMENT '设备分类CODE',
  `CATALOGCODE` varchar(50) NOT NULL COMMENT '设备分类目录CODE',
  `DESCCODE` varchar(255) DEFAULT NULL COMMENT '模版编码CODE',
  `MID` varchar(50) DEFAULT NULL COMMENT '项目ID',
  `EXT01` int(10) DEFAULT '0' COMMENT '扩展字段1',
  `EXT02` int(10) DEFAULT '0' COMMENT '扩展字段2',
  `EXT03` int(10) DEFAULT '0' COMMENT '扩展字段3',
  `EXT04` int(10) DEFAULT '0' COMMENT '扩展字段4',
  `EXT05` int(10) DEFAULT '0' COMMENT '扩展字段5',
  `EXT06` int(10) DEFAULT '0' COMMENT '扩展字段6',
  `EXT07` int(10) DEFAULT '0' COMMENT '扩展字段7',
  `EXT08` int(10) DEFAULT '0' COMMENT '扩展字段8',
  `EXT09` int(10) DEFAULT '0' COMMENT '扩展字段9',
  `EXT10` int(10) DEFAULT '0' COMMENT '扩展字段10',
  `EXT11` varchar(64) DEFAULT NULL COMMENT '扩展字段11',
  `EXT12` varchar(255) DEFAULT NULL COMMENT '扩展字段12',
  `EXT13` varchar(64) DEFAULT NULL COMMENT '扩展字段13',
  `EXT14` varchar(64) DEFAULT NULL COMMENT '扩展字段14',
  `EXT15` varchar(64) DEFAULT NULL COMMENT '扩展字段15',
  `EXT16` varchar(64) DEFAULT NULL COMMENT '扩展字段16',
  `EXT17` varchar(64) DEFAULT NULL COMMENT '扩展字段17',
  `EXT18` varchar(64) DEFAULT NULL COMMENT '扩展字段18',
  `EXT19` varchar(64) DEFAULT NULL COMMENT '扩展字段19',
  `EXT20` varchar(64) DEFAULT NULL COMMENT '扩展字段20',
  `EXT21` varchar(64) DEFAULT NULL COMMENT '扩展字段21',
  `EXT22` varchar(64) DEFAULT NULL COMMENT '扩展字段22',
  `EXT23` varchar(64) DEFAULT NULL COMMENT '扩展字段23',
  `EXT24` varchar(64) DEFAULT NULL COMMENT '扩展字段24',
  `EXT25` varchar(64) DEFAULT NULL COMMENT '扩展字段25',
  `EXT26` varchar(64) DEFAULT NULL COMMENT '扩展字段26',
  `EXT27` varchar(64) DEFAULT NULL COMMENT '扩展字段27',
  `EXT28` varchar(64) DEFAULT NULL COMMENT '扩展字段28',
  `EXT29` varchar(64) DEFAULT NULL COMMENT '扩展字段29',
  `EXT30` varchar(64) DEFAULT NULL COMMENT '扩展字段30',
  `EXT31` varchar(100) DEFAULT NULL COMMENT '扩展字段31',
  `EXT32` varchar(100) DEFAULT NULL COMMENT '扩展字段32',
  `EXT33` varchar(100) DEFAULT NULL COMMENT '扩展字段33',
  `EXT34` varchar(100) DEFAULT NULL COMMENT '扩展字段34',
  `EXT35` varchar(100) DEFAULT NULL COMMENT '扩展字段35',
  `EXT36` varchar(100) DEFAULT NULL COMMENT '扩展字段36',
  `EXT37` varchar(100) DEFAULT NULL COMMENT '扩展字段37',
  `EXT38` varchar(100) DEFAULT NULL COMMENT '扩展字段38',
  `EXT39` varchar(100) DEFAULT NULL COMMENT '扩展字段39',
  `EXT40` varchar(100) DEFAULT NULL COMMENT '扩展字段40',
  `EXT41` varchar(255) DEFAULT NULL COMMENT '扩展字段41',
  `EXT42` varchar(255) DEFAULT NULL COMMENT '扩展字段42',
  `EXT43` varchar(255) DEFAULT NULL COMMENT '扩展字段43',
  `EXT44` varchar(255) DEFAULT NULL COMMENT '扩展字段44',
  `EXT45` varchar(255) DEFAULT NULL COMMENT '扩展字段45',
  `EXT46` varchar(500) DEFAULT NULL COMMENT '扩展字段46',
  `EXT47` varchar(500) DEFAULT NULL COMMENT '扩展字段47',
  `EXT48` varchar(500) DEFAULT NULL COMMENT '扩展字段48',
  `EXT49` varchar(2000) DEFAULT NULL COMMENT '扩展字段49',
  `EXT50` varchar(2000) DEFAULT NULL COMMENT '扩展字段50',
  `EXT51` varchar(255) DEFAULT NULL COMMENT '扩展字段51',
  `EXT52` varchar(255) DEFAULT NULL COMMENT '扩展字段52',
  `EXT53` varchar(255) DEFAULT NULL COMMENT '扩展字段53',
  `EXT54` varchar(255) DEFAULT NULL COMMENT '扩展字段54',
  `EXT55` longtext COMMENT '扩展字段55',
  `EXT56` text COMMENT '扩展字段56',
  `EXT57` text COMMENT '扩展字段57',
  `EXT58` text COMMENT '扩展字段58',
  `EXT59` text COMMENT '扩展字段59',
  `EXT60` text COMMENT '扩展字段60',
  `LAST_TIME` datetime DEFAULT NULL COMMENT '最后变更时间',
  `CREATE_TIME` datetime NOT NULL COMMENT '创建时间',
  UNIQUE KEY `UNI_DEVICE_EXTEND_GID` (`GID`) USING BTREE,
  KEY `IND_DEVICE_EXTEND_DEVICEGID` (`DEVICEGID`) USING BTREE,
  KEY `IND_DEVICE_EXTEND_TYPECODE` (`DEVICETYPECODE`) USING BTREE,
  KEY `IND_DEVICE_EXTEND_CATALCODE` (`CATALOGCODE`) USING BTREE
) ENGINE=InnoDB DEFAULT CHARSET=utf8 ROW_FORMAT=DYNAMIC;

-- 正在导出表  app_base.t_device_extend 的数据：~4 rows (大约)
DELETE FROM `t_device_extend`;
/*!40000 ALTER TABLE `t_device_extend` DISABLE KEYS */;
INSERT INTO `t_device_extend` (`GID`, `DEVICEGID`, `DEVICETYPECODE`, `CATALOGCODE`, `DESCCODE`, `MID`, `EXT01`, `EXT02`, `EXT03`, `EXT04`, `EXT05`, `EXT06`, `EXT07`, `EXT08`, `EXT09`, `EXT10`, `EXT11`, `EXT12`, `EXT13`, `EXT14`, `EXT15`, `EXT16`, `EXT17`, `EXT18`, `EXT19`, `EXT20`, `EXT21`, `EXT22`, `EXT23`, `EXT24`, `EXT25`, `EXT26`, `EXT27`, `EXT28`, `EXT29`, `EXT30`, `EXT31`, `EXT32`, `EXT33`, `EXT34`, `EXT35`, `EXT36`, `EXT37`, `EXT38`, `EXT39`, `EXT40`, `EXT41`, `EXT42`, `EXT43`, `EXT44`, `EXT45`, `EXT46`, `EXT47`, `EXT48`, `EXT49`, `EXT50`, `EXT51`, `EXT52`, `EXT53`, `EXT54`, `EXT55`, `EXT56`, `EXT57`, `EXT58`, `EXT59`, `EXT60`, `LAST_TIME`, `CREATE_TIME`) VALUES
	('6114c8b8ab30eef40b8963439ff5801c', '8f2f7ed3e8e2c0f385ad0a94009ae69f', '0103', '0103-001', '2024|base|0103|0103-001', '0', 0, 0, 0, 0, 0, 0, 0, 0, 0, 547, '1', NULL, 'YJC', '8', '8', '2', '123.456', '456.789', '8', NULL, '8', NULL, NULL, NULL, NULL, NULL, NULL, NULL, NULL, NULL, NULL, NULL, NULL, NULL, NULL, NULL, NULL, NULL, NULL, NULL, '', NULL, NULL, NULL, NULL, NULL, NULL, NULL, NULL, NULL, NULL, NULL, NULL, NULL, NULL, NULL, NULL, NULL, NULL, NULL, '2024-04-20 14:54:43', '2024-04-19 19:48:56'),
	('7c7229ae9480e5cb0a7d91ad432d455a', 'aed85a95100243ed12e905db88ecdd0d', '0105', '0105-001', '2023|base|0105|0105-001', '0', 0, 0, 0, 0, 0, 0, 0, 0, 0, 0, '28', 'YED_DTU_1.2.6', '/172.30.175.185:9898', NULL, NULL, NULL, NULL, NULL, NULL, NULL, NULL, NULL, NULL, NULL, NULL, NULL, NULL, NULL, NULL, NULL, NULL, NULL, NULL, NULL, NULL, NULL, NULL, NULL, NULL, NULL, NULL, NULL, NULL, NULL, NULL, NULL, NULL, NULL, NULL, NULL, NULL, NULL, NULL, NULL, NULL, NULL, NULL, NULL, NULL, NULL, '2024-05-02 22:30:32', '2024-04-23 00:27:36'),
	('d660c1cb84a82669c3d44856051dd3f3', '0939d5580c5532b3ee8014c770bc01bf', '0103', '0103-001', '2024|base|0103|0103-001', NULL, 0, 0, 0, 0, 0, 0, 0, 0, 0, 562, '1', NULL, 'YJC', '12', '3', '9', '123.456', '456.789', '3', NULL, '28', NULL, NULL, NULL, NULL, NULL, NULL, NULL, NULL, NULL, NULL, NULL, NULL, NULL, NULL, NULL, NULL, NULL, NULL, NULL, 'http://192.168.100.230:8092/images/20240416/964e0ad0131c46a3a1db72187fdbc94d.jpg', NULL, NULL, NULL, NULL, NULL, NULL, NULL, NULL, NULL, NULL, NULL, NULL, NULL, NULL, NULL, NULL, NULL, NULL, NULL, '2024-04-20 15:05:38', '2024-04-17 15:35:28'),
	('fbe0a4df3d61836452fb63abe7b4ad8c', 'b8dc4f43757a036ba1520dce9937e69d', '0103', '0103-001', '2024|base|0103|0103-001', '0', 0, 0, 0, 0, 0, 0, 0, 0, 0, 5548, '1', NULL, 'YJC', '9', '3', '2', '12138.45', '12138.78', '2', NULL, '8', NULL, NULL, NULL, NULL, NULL, NULL, NULL, NULL, NULL, NULL, NULL, NULL, NULL, NULL, NULL, NULL, NULL, NULL, NULL, 'http://192.168.100.230:8092/images/20240418/3972f49f65dd4765ab1bf1910b6e93a0.jpg', NULL, NULL, NULL, NULL, NULL, NULL, NULL, NULL, NULL, NULL, NULL, NULL, NULL, NULL, NULL, NULL, NULL, NULL, NULL, '2024-04-19 14:27:45', '2024-04-18 15:25:58');
/*!40000 ALTER TABLE `t_device_extend` ENABLE KEYS */;

-- 导出  表 app_base.t_device_type 结构
CREATE TABLE IF NOT EXISTS `t_device_type` (
  `GID` varchar(36) NOT NULL COMMENT '主键',
  `DEVICETYPENAME` varchar(200) NOT NULL COMMENT '设备类型名称',
  `TYPECODE` varchar(50) NOT NULL COMMENT '分类编码',
  `PARENTGID` varchar(36) DEFAULT NULL COMMENT '父级分类Gid',
  `PARENTCODE` varchar(50) DEFAULT NULL COMMENT '父级分类Code',
  `MID` varchar(50) DEFAULT NULL COMMENT '项目代码',
  `DEVICECOUNT` int(10) DEFAULT '0' COMMENT '设备数',
  `TABLEPREFIX` varchar(50) DEFAULT NULL COMMENT '存储空间',
  `TYPEORDER` int(10) DEFAULT NULL COMMENT '排序',
  `ENABLEDSTATUS` int(2) DEFAULT NULL COMMENT '启用状态1、启用，0停用',
  `CODINGPREFIX` varchar(50) DEFAULT NULL COMMENT '编码前缀',
  `NODEATTR` int(10) DEFAULT NULL COMMENT '节点属性',
  `NODELEVEL` int(10) DEFAULT NULL COMMENT '节点层次',
  `ENABLEDTM` datetime DEFAULT NULL COMMENT '启用时间',
  `CLASSNUM` varchar(64) DEFAULT NULL COMMENT '分类号',
  `ISMAINDEVICE` int(2) DEFAULT NULL COMMENT '是否为主设备 1、是，0 否',
  `LAST_TIME` datetime DEFAULT NULL COMMENT '最后更新时间',
  `CREATE_TIME` datetime NOT NULL COMMENT '创建时间',
  UNIQUE KEY `UNI_T_SAC_DEVICETYPE_GID` (`GID`) USING BTREE,
  KEY `IND_T_SAC_DEVICETYPE_PID` (`PARENTGID`) USING BTREE,
  KEY `IND_T_SAC_DEVICETYPE_CODE` (`TYPECODE`) USING BTREE
) ENGINE=InnoDB DEFAULT CHARSET=utf8 COMMENT='设备分类管理';

-- 正在导出表  app_base.t_device_type 的数据：~6 rows (大约)
DELETE FROM `t_device_type`;
/*!40000 ALTER TABLE `t_device_type` DISABLE KEYS */;
INSERT INTO `t_device_type` (`GID`, `DEVICETYPENAME`, `TYPECODE`, `PARENTGID`, `PARENTCODE`, `MID`, `DEVICECOUNT`, `TABLEPREFIX`, `TYPEORDER`, `ENABLEDSTATUS`, `CODINGPREFIX`, `NODEATTR`, `NODELEVEL`, `ENABLEDTM`, `CLASSNUM`, `ISMAINDEVICE`, `LAST_TIME`, `CREATE_TIME`) VALUES
	('02fdc6d2bc155c5470aa8d8a9ecad5d11', '网络设备', '0100', NULL, NULL, '0', 0, 'NETD', NULL, 1, NULL, NULL, NULL, '2023-12-28 13:21:29', NULL, 1, NULL, '2023-12-28 13:11:40'),
	('02fdc6d2bc155c5470aa8d8a9ecad5d12', '器具柜设备', '0104', NULL, NULL, '0', 0, 'QJG', NULL, 1, NULL, NULL, NULL, '2023-12-28 13:21:29', NULL, 1, NULL, '2023-12-28 13:11:40'),
	('02fdc6d2bc155c5470aa8d8a9ecad5d13', '应急仓设备', '0103', NULL, NULL, '0', 0, 'YJC', NULL, 1, NULL, NULL, NULL, '2023-12-28 13:21:29', NULL, 1, NULL, '2023-12-28 13:11:40'),
	('02fdc6d2bc155c5470aa8d8a9ecad5d15', '娃娃机', '0105', NULL, NULL, '0', 0, 'WWJ', NULL, 1, NULL, NULL, NULL, '2023-12-28 13:21:29', NULL, 1, NULL, '2023-12-28 13:11:40'),
	('02fdc6d2bc155c5470aa8d8a9ecad5db', '灭火器', '0101', NULL, NULL, '0', 0, 'MHQ', NULL, 1, NULL, NULL, NULL, '2023-09-22 13:21:29', NULL, 1, NULL, '2023-09-22 13:11:40'),
	('02fdc6d2bc155c5470aa8d8a9ecad5dt', '环测网关', '0102', NULL, NULL, '0', 0, 'SHX', NULL, 1, NULL, NULL, NULL, '2023-11-17 13:21:29', NULL, 1, NULL, '2023-11-17 13:11:40');
/*!40000 ALTER TABLE `t_device_type` ENABLE KEYS */;

-- 导出  表 app_base.t_dtu_cmd 结构
CREATE TABLE IF NOT EXISTS `t_dtu_cmd` (
  `gid` varchar(80) DEFAULT NULL,
  `cmd_no` varchar(80) DEFAULT NULL COMMENT '命令编号',
  `req_no` varchar(50) DEFAULT NULL COMMENT '请求编号',
  `device_sn` varchar(50) DEFAULT NULL COMMENT '设备编号',
  `m_id` int(11) DEFAULT NULL COMMENT '项目id',
  `status` int(11) DEFAULT NULL COMMENT '0，发送了命令，1、接收了命令，2、未通讯作废失败。3、成功',
  `user_id` int(11) DEFAULT NULL COMMENT '用户id',
  `send_time` datetime DEFAULT NULL,
  `send_cmd` varchar(255) DEFAULT NULL COMMENT '发送命令',
  `send_url` varchar(50) DEFAULT NULL COMMENT '发送url',
  `cmd_desc` varchar(80) DEFAULT NULL COMMENT '命令说明',
  `rev_cmd` text COMMENT '接收命令',
  `rev_url` varchar(50) DEFAULT NULL COMMENT '接收url',
  `rev_time` datetime DEFAULT NULL,
  `remark` varchar(50) DEFAULT NULL,
  `last_time` datetime DEFAULT NULL COMMENT '最后时间',
  `create_time` datetime DEFAULT NULL COMMENT '创建时间'
) ENGINE=InnoDB DEFAULT CHARSET=utf8 COMMENT='命令执行情况';

-- 正在导出表  app_base.t_dtu_cmd 的数据：~13 rows (大约)
DELETE FROM `t_dtu_cmd`;
/*!40000 ALTER TABLE `t_dtu_cmd` DISABLE KEYS */;
INSERT INTO `t_dtu_cmd` (`gid`, `cmd_no`, `req_no`, `device_sn`, `m_id`, `status`, `user_id`, `send_time`, `send_cmd`, `send_url`, `cmd_desc`, `rev_cmd`, `rev_url`, `rev_time`, `remark`, `last_time`, `create_time`) VALUES
	('8022679ff295b088aa6ed73ff5ea395e', NULL, NULL, NULL, NULL, 1, NULL, NULL, NULL, NULL, NULL, '864708066783450ctron,3,exec,ok', '/203.168.17.181:63138', '2024-05-02 22:24:09', '接收长连接端口号：/172.30.175.185:9898', '2024-05-02 22:24:09', '2024-05-02 22:24:09'),
	('b377a4a61aab854dc24c95c77d4e7e4a', NULL, NULL, NULL, NULL, 1, NULL, NULL, NULL, NULL, NULL, '864708066783450ctron,3,exec,ok', '/203.168.17.181:63138', '2024-05-02 22:29:58', '接收长连接端口号：/172.30.175.185:9898', '2024-05-02 22:29:58', '2024-05-02 22:29:58'),
	('190697201631151f1c1e362d40ee5c34', NULL, NULL, NULL, NULL, 1, NULL, NULL, NULL, NULL, NULL, '864708066783450,ctron,3,exec,ok', '/117.61.106.21:44613', '2024-05-02 22:31:09', '接收长连接端口号：/172.30.175.185:9898', '2024-05-02 22:31:09', '2024-05-02 22:31:09'),
	('11dacf2b7955cf1fb336b536f431c182', NULL, NULL, NULL, NULL, 1, NULL, NULL, NULL, NULL, NULL, '864708066783450,ctron,3,yzg,exec,ok', '/117.61.106.21:44613', '2024-05-02 22:31:33', '接收长连接端口号：/172.30.175.185:9898', '2024-05-02 22:31:33', '2024-05-02 22:31:33'),
	('1fe0f408646508202e394ef54797472a', NULL, NULL, NULL, NULL, 1, NULL, NULL, NULL, NULL, NULL, '864708066783450,ctron,5,yzg,exec,ok', '/117.61.106.21:44613', '2024-05-02 22:32:36', '接收长连接端口号：/172.30.175.185:9898', '2024-05-02 22:32:36', '2024-05-02 22:32:36'),
	('5c14f16a16cbd3eed27638693522074b', NULL, NULL, NULL, NULL, 1, NULL, NULL, NULL, NULL, NULL, '864708066783450,ctron,5,yzg,exec,ok', '/117.61.106.21:44613', '2024-05-02 22:38:14', '接收长连接端口号：/172.30.175.185:9898', '2024-05-02 22:38:14', '2024-05-02 22:38:14'),
	('6f0c3b1e33dfe4256d517c6ef92ea56a', NULL, NULL, NULL, NULL, 1, NULL, NULL, NULL, NULL, NULL, '864708066783450,ctron,3,yzg,exec,ok', '/117.61.106.21:44613', '2024-05-02 22:39:51', '接收长连接端口号：/172.30.175.185:9898', '2024-05-02 22:39:51', '2024-05-02 22:39:51'),
	('680e33dd64e013825d6d828ae89b0488', NULL, NULL, NULL, NULL, 1, NULL, NULL, NULL, NULL, NULL, '864708066783450,ctron,3,yzg,exec,ok', '/117.61.106.21:44613', '2024-05-02 22:41:28', '接收长连接端口号：/172.30.175.185:9898', '2024-05-02 22:41:28', '2024-05-02 22:41:28'),
	('d86b87b2b11411b3a4847a2999745f3f', NULL, NULL, NULL, NULL, 1, NULL, NULL, NULL, NULL, NULL, '864708066783450,ctron,2,yzg,exec,ok', '/117.61.106.21:44613', '2024-05-02 22:41:45', '接收长连接端口号：/172.30.175.185:9898', '2024-05-02 22:41:45', '2024-05-02 22:41:45'),
	('a5284f085b0cb8d66f4966a53b43d90d', NULL, NULL, NULL, NULL, 1, NULL, NULL, NULL, NULL, NULL, '864708066783450,ctron,3,yzg,exec,ok', '/117.61.106.21:44613', '2024-05-02 22:41:55', '接收长连接端口号：/172.30.175.185:9898', '2024-05-02 22:41:55', '2024-05-02 22:41:55'),
	('ad5877c82b0bb7623e0331cde58e46b8', NULL, NULL, NULL, NULL, 1, NULL, NULL, NULL, NULL, NULL, '864708066783450,ctron,10,yzg,exec,ok', '/117.61.106.21:44613', '2024-05-02 22:42:13', '接收长连接端口号：/172.30.175.185:9898', '2024-05-02 22:42:13', '2024-05-02 22:42:13'),
	('4674b1f0e377ef5ca756574335396e2a', NULL, NULL, NULL, NULL, 1, NULL, NULL, NULL, NULL, NULL, '864708066783450,ctron,5,yzg,exec,ok', '/117.61.106.21:44613', '2024-05-02 22:42:36', '接收长连接端口号：/172.30.175.185:9898', '2024-05-02 22:42:36', '2024-05-02 22:42:37'),
	('49f4fd902ad72f874102850068e66260', NULL, NULL, NULL, NULL, 1, NULL, NULL, NULL, NULL, NULL, '864708066783450,ctron,5,yzg,exec,ok', '/117.61.106.21:44613', '2024-05-02 22:43:06', '接收长连接端口号：/172.30.175.185:9898', '2024-05-02 22:43:06', '2024-05-02 22:43:06');
/*!40000 ALTER TABLE `t_dtu_cmd` ENABLE KEYS */;

-- 导出  表 app_base.t_extenddesc 结构
CREATE TABLE IF NOT EXISTS `t_extenddesc` (
  `GID` varchar(36) NOT NULL COMMENT '主键',
  `MID` varchar(50) NOT NULL COMMENT '项目ID',
  `DEVICETYPEGID` varchar(36) NOT NULL COMMENT '设备分类id',
  `DEVICETYPECODE` varchar(50) DEFAULT NULL COMMENT '设备分类编码',
  `EXTDATAMODULE` varchar(50) DEFAULT NULL COMMENT '业务数据标识',
  `DETAILLEVEL` int(10) DEFAULT NULL COMMENT '明细层级',
  `DESCVER` varchar(50) NOT NULL COMMENT '描述模版版本',
  `CATALOGCODE` varchar(36) DEFAULT NULL COMMENT '设备分类目录Code',
  `DESCCODE` varchar(255) DEFAULT NULL COMMENT '描述模版编码Code',
  `COLLECTMODE` int(10) DEFAULT NULL COMMENT '采集方式',
  `FIELDLENGTH` int(10) DEFAULT NULL COMMENT '字段长度',
  `EXTFIELDCODE` varchar(50) NOT NULL COMMENT '扩展字段名称',
  `FIELDNAME` varchar(50) NOT NULL COMMENT '数据字段显示名称',
  `FIELDCODE` varchar(50) NOT NULL COMMENT '数据字段名称',
  `FIELDTYPE` varchar(10) NOT NULL COMMENT '字段类型',
  `ISUNIQUE` int(10) DEFAULT '0' COMMENT '是否唯一',
  `ISMUST` int(10) DEFAULT '0' COMMENT '是否必录入',
  `ISSEARCH` int(10) DEFAULT '0' COMMENT '是否为查询条件',
  `ISRESULT` varchar(50) DEFAULT NULL COMMENT '是否为查询结果',
  `SEARCHORDER` int(10) DEFAULT NULL COMMENT '查询条件控件排序',
  `RESULTORDER` int(10) DEFAULT NULL COMMENT '查询结果排序',
  `ISRANGETIME` int(10) DEFAULT NULL COMMENT '是否是区间时间',
  `ISDELETED` int(10) DEFAULT NULL COMMENT '删除标识',
  `GRIDWIDTH` int(10) DEFAULT NULL COMMENT '表格列宽度',
  `NOTE` varchar(300) DEFAULT NULL COMMENT '备注',
  `FIELDDSPLYRULE` varchar(4000) DEFAULT NULL COMMENT '字段显示规则',
  `LAST_TIME` datetime DEFAULT NULL COMMENT '最后变更时间',
  `CREATE_TIME` datetime NOT NULL COMMENT '创建时间',
  `GBCODE` varchar(64) DEFAULT NULL COMMENT '国标编码',
  UNIQUE KEY `UNI_t_extenddesc_GID` (`GID`) USING BTREE,
  KEY `IND_TEXTENDDESC_COMPID` (`MID`) USING BTREE,
  KEY `IND_TEXTENDDESC_TYPECODE` (`DEVICETYPECODE`) USING BTREE,
  KEY `IND_TEXTENDDESC_EXTMODULE` (`EXTDATAMODULE`) USING BTREE,
  KEY `IND_TEXTENDDESC_CATACODE` (`CATALOGCODE`) USING BTREE,
  KEY `IND_TEXTENDDESC_DESCCODE` (`DESCCODE`) USING BTREE
) ENGINE=InnoDB DEFAULT CHARSET=utf8 COMMENT='模板扩展字段';

-- 正在导出表  app_base.t_extenddesc 的数据：~38 rows (大约)
DELETE FROM `t_extenddesc`;
/*!40000 ALTER TABLE `t_extenddesc` DISABLE KEYS */;
INSERT INTO `t_extenddesc` (`GID`, `MID`, `DEVICETYPEGID`, `DEVICETYPECODE`, `EXTDATAMODULE`, `DETAILLEVEL`, `DESCVER`, `CATALOGCODE`, `DESCCODE`, `COLLECTMODE`, `FIELDLENGTH`, `EXTFIELDCODE`, `FIELDNAME`, `FIELDCODE`, `FIELDTYPE`, `ISUNIQUE`, `ISMUST`, `ISSEARCH`, `ISRESULT`, `SEARCHORDER`, `RESULTORDER`, `ISRANGETIME`, `ISDELETED`, `GRIDWIDTH`, `NOTE`, `FIELDDSPLYRULE`, `LAST_TIME`, `CREATE_TIME`, `GBCODE`) VALUES
	('02fdc6d2bc155c5470aa8d8a9ecac0ss', '0', '02fdc6d2bc155c5470aa8d8a9ecad5db', '0101', 'base', 0, '2023', '0101-001', '2023|base|0101|0101-001', 0, 255, 'ext21', '通讯心跳', 'keepalive', '0', 0, 0, 1, '1', 0, 0, 0, 0, 0, '默认 60 分钟，单位：分钟', NULL, NULL, '2023-10-07 14:58:13', NULL),
	('02fdc6d2bc155c5470aa8d8a9ecad0ss', '0', '02fdc6d2bc155c5470aa8d8a9ecad5db', '0101', 'base', 0, '2023', '0101-001', '2023|base|0101|0101-001', 0, 255, 'ext55', 'img 表头图片', 'img', '1', 0, 0, 1, '1', 0, 0, 0, 0, 0, '64 byte image 长text字段', NULL, NULL, '2023-10-07 14:58:13', NULL),
	('02fdc6d2bc155c5470aa8d8a9ecad1s1', '0', '02fdc6d2bc155c5470aa8d8a9ecad5d13', '0103', 'base', 0, '2024', '0103-001', '2024|base|0103|0103-001', 0, 50, 'ext10', '设备id', 'device_id', '0', 0, 0, 1, '1', 0, 0, 0, 0, 0, '设备id信息', NULL, NULL, '2023-10-07 14:58:13', NULL),
	('02fdc6d2bc155c5470aa8d8a9ecad1s5', '0', '02fdc6d2bc155c5470aa8d8a9ecad5d13', '0103', 'base', 0, '2024', '0103-001', '2024|base|0103|0103-001', 0, 50, 'ext13', '型号', 'model', '0', 0, 0, 1, '1', 0, 0, 0, 0, 0, '型号', NULL, NULL, '2023-10-07 14:58:13', NULL),
	('02fdc6d2bc155c5470aa8d8a9ecad1s6', '0', '02fdc6d2bc155c5470aa8d8a9ecad5d13', '0103', 'base', 0, '2024', '0103-001', '2024|base|0103|0103-001', 0, 50, 'ext41', '二维码地址', 'url', '0', 0, 0, 1, '1', 0, 0, 0, 0, 0, '二维码地址', NULL, NULL, '2023-10-07 14:58:13', NULL),
	('02fdc6d2bc155c5470aa8d8a9ecad1s7', '0', '02fdc6d2bc155c5470aa8d8a9ecad5d13', '0103', 'base', 0, '2024', '0103-001', '2024|base|0103|0103-001', 0, 50, 'ext11', '站号', 'station_no', '0', 0, 0, 1, '1', 0, 0, 0, 0, 0, '站号', NULL, NULL, '2023-10-07 14:58:13', NULL),
	('02fdc6d2bc155c5470aa8d8a9ecad1ss', '0', '02fdc6d2bc155c5470aa8d8a9ecad5db', '0101', 'base', 0, '2023', '0101-001', '2023|base|0101|0101-001', 0, 50, 'ext19', '模块电量', 'power', '0', 0, 0, 1, '1', 0, 0, 0, 0, 0, '量程范围：0～100%；测量精度：3%', NULL, NULL, '2023-10-07 14:58:13', NULL),
	('02fdc6d2bc155c5470aa8d8a9ecad1xs', '0', '02fdc6d2bc155c5470aa8d8a9ecad5db', '0101', 'base', 0, '2023', '0101-001', '2023|base|0101|0101-001', 0, 50, 'ext20', '设备编码', 'serialNo', '0', 0, 0, 1, '1', 0, 0, 0, 0, 0, '设备编码，唯一', NULL, NULL, '2023-10-07 14:58:13', NULL),
	('02fdc6d2bc155c5470aa8d8a9ecad2s7', '0', '02fdc6d2bc155c5470aa8d8a9ecad5d13', '0103', 'base', 0, '2024', '0103-001', '2024|base|0103|0103-001', 0, 50, 'ext20', '控制版本号', 'op_hw', '0', 0, 0, 1, '1', 0, 0, 0, 0, 0, '二维码地址', NULL, NULL, '2023-10-07 14:58:13', NULL),
	('02fdc6d2bc155c5470aa8d8a9ecad2s8', '0', '02fdc6d2bc155c5470aa8d8a9ecad5d13', '0103', 'base', 0, '2024', '0103-001', '2024|base|0103|0103-001', 0, 50, 'ext17', '经度', 'longitude', '0', 0, 0, 1, '1', 0, 0, 0, 0, 0, '经度', NULL, NULL, '2023-10-07 14:58:13', NULL),
	('02fdc6d2bc155c5470aa8d8a9ecad2ss', '0', '02fdc6d2bc155c5470aa8d8a9ecad5db', '0101', 'base', 0, '2023', '0101-001', '2023|base|0101|0101-001', 0, 50, 'ext18', '倾斜角度', 'angle', '0', 0, 0, 1, '1', 0, 0, 0, 0, 0, '量程范围：-180～180°；测量精度：±5°', NULL, NULL, '2023-10-07 14:58:13', NULL),
	('02fdc6d2bc155c5470aa8d8a9ecad3s8', '0', '02fdc6d2bc155c5470aa8d8a9ecad5d13', '0103', 'base', 0, '2024', '0103-001', '2024|base|0103|0103-001', 0, 50, 'ext18', '纬度', 'latitude', '0', 0, 0, 1, '1', 0, 0, 0, 0, 0, '纬度', NULL, NULL, '2023-10-07 14:58:13', NULL),
	('02fdc6d2bc155c5470aa8d8a9ecad3ss', '0', '02fdc6d2bc155c5470aa8d8a9ecad5db', '0101', 'base', 0, '2023', '0101-001', '2023|base|0101|0101-001', 0, 50, 'ext17', '环境湿度', 'humidity', '0', 0, 0, 1, '1', 0, 0, 0, 0, 0, '测量范围：0～100%RH；测量精度：±', NULL, NULL, '2023-10-07 14:58:13', NULL),
	('02fdc6d2bc155c5470aa8d8a9ecad4s8', '0', '02fdc6d2bc155c5470aa8d8a9ecad5d13', '0103', 'base', 0, '2024', '0103-001', '2024|base|0103|0103-001', 0, 50, 'ext14', '箱长mm', 'length', '0', 0, 0, 1, '1', 0, 0, 0, 0, 0, '箱长mm', NULL, NULL, '2023-10-07 14:58:13', NULL),
	('02fdc6d2bc155c5470aa8d8a9ecad4ss', '0', '02fdc6d2bc155c5470aa8d8a9ecad5db', '0101', 'base', 0, '2023', '0101-001', '2023|base|0101|0101-001', 0, 50, 'ext16', '环境温度', 'temperature', '0', 0, 0, 1, '1', 0, 0, 0, 0, 0, '测量范围：-30～80℃；测量精度：±0.5℃', NULL, NULL, '2023-10-07 14:58:13', NULL),
	('02fdc6d2bc155c5470aa8d8a9ecad5s8', '0', '02fdc6d2bc155c5470aa8d8a9ecad5d13', '0103', 'base', 0, '2024', '0103-001', '2024|base|0103|0103-001', 0, 50, 'ext15', '箱宽mm', 'width', '0', 0, 0, 1, '1', 0, 0, 0, 0, 0, '箱宽mm', NULL, NULL, '2023-10-07 14:58:13', NULL),
	('02fdc6d2bc155c5470aa8d8a9ecad5ss', '0', '02fdc6d2bc155c5470aa8d8a9ecad5db', '0101', 'base', 0, '2023', '0101-001', '2023|base|0101|0101-001', 0, 200, 'ext15', '图片路径', 'pic_url', '0', 0, 0, 1, '1', 0, 0, 0, 0, 0, '图片规格：不小于 640×480 dpi；图片清', NULL, NULL, '2023-10-07 14:58:13', NULL),
	('02fdc6d2bc155c5470aa8d8a9ecad6s8', '0', '02fdc6d2bc155c5470aa8d8a9ecad5d13', '0103', 'base', 0, '2024', '0103-001', '2024|base|0103|0103-001', 0, 50, 'ext16', '箱高mm', 'hight', '0', 0, 0, 1, '1', 0, 0, 0, 0, 0, '箱高mm', NULL, NULL, '2023-10-07 14:58:13', NULL),
	('02fdc6d2bc155c5470aa8d8a9ecad6ss', '0', '02fdc6d2bc155c5470aa8d8a9ecad5db', '0101', 'base', 0, '2023', '0101-001', '2023|base|0101|0101-001', 0, 200, 'ext14', '文件名', 'file_name', '0', 0, 0, 1, '1', 0, 0, 0, 0, 0, NULL, NULL, NULL, '2023-10-07 14:58:13', NULL),
	('02fdc6d2bc155c5470aa8d8a9ecad7s8', '0', '02fdc6d2bc155c5470aa8d8a9ecad5d13', '0103', 'base', 0, '2024', '0103-001', '2024|base|0103|0103-001', 0, 50, 'ext19', '自重kg', 'self_weight', '0', 0, 0, 1, '1', 0, 0, 0, 0, 0, '自重kg', NULL, NULL, '2023-10-07 14:58:13', NULL),
	('02fdc6d2bc155c5470aa8d8a9ecad7ss', '0', '02fdc6d2bc155c5470aa8d8a9ecad5db', '0101', 'base', 0, '2023', '0101-001', '2023|base|0101|0101-001', 0, 10, 'ext11', '执行结果', 'exe_result', '0', 0, 0, 1, '1', 0, 0, 0, 0, 0, NULL, NULL, NULL, '2023-10-07 14:58:13', NULL),
	('02fdc6d2bc155c5470aa8d8a9ecad8s8', '0', '02fdc6d2bc155c5470aa8d8a9ecad5d13', '0103', 'base', 0, '2024', '0103-001', '2024|base|0103|0103-001', 0, 50, 'ext21', '承重kg', 'support_weight', '0', 0, 0, 1, '1', 0, 0, 0, 0, 0, '承重kg', NULL, NULL, '2023-10-07 14:58:13', NULL),
	('02fdc6d2bc155c5470aa8d8a9ecad8ss', '0', '02fdc6d2bc155c5470aa8d8a9ecad5db', '0101', 'base', 0, '2023', '0101-001', '2023|base|0101|0101-001', 0, 10, 'ext12', '灭火器颜色', 'color', '0', 0, 0, 1, '1', 0, 0, 0, 0, 0, '1(2,3)(红,绿,黄)', NULL, NULL, '2023-10-07 14:58:13', NULL),
	('02fdc6d2bc155c5470aa8d8a9ecad9a1', '0', '02fdc6d2bc155c5470aa8d8a9ecad5d15', '0105', 'base', 0, '2024', '0105-001', '2023|base|0105|0105-001', 0, 50, 'ext11', '质量', 'csq', '0', 0, 0, 1, '1', 0, 0, 0, 0, 0, '设备编码，唯一', NULL, NULL, '2023-12-14 14:58:13', NULL),
	('02fdc6d2bc155c5470aa8d8a9ecad9a2', '0', '02fdc6d2bc155c5470aa8d8a9ecad5d15', '0105', 'base', 0, '2024', '0105-001', '2023|base|0105|0105-001', 0, 50, 'ext12', '版本', 'fver', '0', 0, 0, 1, '1', 0, 0, 0, 0, 0, '设备编码，唯一', NULL, NULL, '2023-12-14 14:58:13', NULL),
	('02fdc6d2bc155c5470aa8d8a9ecad9a3', '0', '02fdc6d2bc155c5470aa8d8a9ecad5d15', '0105', 'base', 0, '2024', '0105-001', '2023|base|0105|0105-001', 0, 50, 'ext13', '端口', 'port', '0', 0, 0, 1, '1', 0, 0, 0, 0, 0, '设备编码，唯一', NULL, NULL, '2023-12-14 14:58:13', NULL),
	('02fdc6d2bc155c5470aa8d8a9ecad9s10', '0', '02fdc6d2bc155c5470aa8d8a9ecad5dt', '0102', 'base', 0, '2023', '0102-001', '2023|base|0102|0102-001', 0, 50, 'ext01', '烟感', 'smoke_status', '0', 0, 0, 1, '1', 0, 0, 0, 0, 0, '0 正常，1 异常', NULL, NULL, '2023-10-07 14:58:13', NULL),
	('02fdc6d2bc155c5470aa8d8a9ecad9s15', '0', '02fdc6d2bc155c5470aa8d8a9ecad5dt', '0102', 'base', 0, '2023', '0102-001', '2023|base|0102|0102-001', 0, 50, 'ext15', '气压', 'pressure', '0', 0, 0, 1, '1', 0, 0, 0, 0, 0, '单位为 Pa', NULL, NULL, '2023-10-07 14:58:13', NULL),
	('02fdc6d2bc155c5470aa8d8a9ecad9s2', '0', '02fdc6d2bc155c5470aa8d8a9ecad5dt', '0102', 'base', 0, '2023', '0102-001', '2023|base|0102|0102-001', 0, 50, 'ext11', '水浸电量', 'water_battery', '0', 0, 0, 1, '1', 0, 0, 0, 0, 0, '0 正常，1 异常', NULL, NULL, '2023-10-07 14:58:13', NULL),
	('02fdc6d2bc155c5470aa8d8a9ecad9s3', '0', '02fdc6d2bc155c5470aa8d8a9ecad5dt', '0102', 'base', 0, '2023', '0102-001', '2023|base|0102|0102-001', 0, 50, 'ext12', '温度', 'temperature', '0', 0, 0, 1, '1', 0, 0, 0, 0, 0, '单位为°C', NULL, NULL, '2023-10-07 14:58:13', NULL),
	('02fdc6d2bc155c5470aa8d8a9ecad9s4', '0', '02fdc6d2bc155c5470aa8d8a9ecad5dt', '0102', 'base', 0, '2023', '0102-001', '2023|base|0102|0102-001', 0, 50, 'ext13', '噪声', 'noise', '0', 0, 0, 1, '1', 0, 0, 0, 0, 0, '单位为 dB', NULL, NULL, '2023-10-07 14:58:13', NULL),
	('02fdc6d2bc155c5470aa8d8a9ecad9s5', '0', '02fdc6d2bc155c5470aa8d8a9ecad5dt', '0102', 'base', 0, '2023', '0102-001', '2023|base|0102|0102-001', 0, 50, 'ext14', '湿度', 'humidity', '0', 0, 0, 1, '1', 0, 0, 0, 0, 0, '单位为%', NULL, NULL, '2023-10-07 14:58:13', NULL),
	('02fdc6d2bc155c5470aa8d8a9ecad9s6', '0', '02fdc6d2bc155c5470aa8d8a9ecad5dt', '0102', 'base', 0, '2023', '0102-001', '2023|base|0102|0102-001', 0, 50, 'ext02', '水浸', 'water_status', '0', 0, 0, 1, '1', 0, 0, 0, 0, 0, '0 正常，1 异常', NULL, NULL, '2023-10-07 14:58:13', NULL),
	('02fdc6d2bc155c5470aa8d8a9ecad9s7', '0', '02fdc6d2bc155c5470aa8d8a9ecad5dt', '0102', 'base', 0, '2023', '0102-001', '2023|base|0102|0102-001', 0, 50, 'ext03', '震动', 'vibrate', '0', 0, 0, 1, '1', 0, 0, 0, 0, 0, '0 无震动，1 有震动', NULL, NULL, '2023-10-07 14:58:13', NULL),
	('02fdc6d2bc155c5470aa8d8a9ecad9s8', '0', '02fdc6d2bc155c5470aa8d8a9ecad5dt', '0102', 'base', 0, '2023', '0102-001', '2023|base|0102|0102-001', 0, 50, 'ext04', '人员', 'people', '0', 0, 0, 1, '1', 0, 0, 0, 0, 0, '0 无人，1 有人', NULL, NULL, '2023-10-07 14:58:13', NULL),
	('02fdc6d2bc155c5470aa8d8a9ecad9s9', '0', '02fdc6d2bc155c5470aa8d8a9ecad5dt', '0102', 'base', 0, '2023', '0102-001', '2023|base|0102|0102-001', 0, 50, 'ext05', '光照', 'light', '0', 0, 0, 1, '1', 0, 0, 0, 0, 0, '0 无光照，1 有光照', NULL, NULL, '2023-10-07 14:58:13', NULL),
	('02fdc6d2bc155c5470aa8d8a9ecad9ss', '0', '02fdc6d2bc155c5470aa8d8a9ecad5db', '0101', 'base', 0, '2023', '0101-001', '2023|base|0101|0101-001', 0, 10, 'ext13', '灭火器指针比例', 'ratio', '0', 0, 0, 1, '1', 0, 0, 0, 0, 0, '单位%', NULL, NULL, '2023-10-07 14:58:13', NULL),
	('02fdc6d2bc155c5470aa8d8a9ecad9x6', '0', '02fdc6d2bc155c5470aa8d8a9ecad5dt', '0102', 'base', 0, '2023', '0102-001', '2023|base|0102|0102-001', 0, 50, 'ext16', '设备编码', 'serialNo', '0', 0, 0, 1, '1', 0, 0, 0, 0, 0, '设备编码，唯一', NULL, NULL, '2023-12-14 14:58:13', NULL);
/*!40000 ALTER TABLE `t_extenddesc` ENABLE KEYS */;

-- 导出  表 app_base.user 结构
CREATE TABLE IF NOT EXISTS `user` (
  `user_id` int(11) NOT NULL,
  `m_id` int(11) DEFAULT NULL COMMENT '项目ID',
  `user_type` varchar(10) DEFAULT '' COMMENT '用户类型： 1.无线接入控制器、2.无线AP,3.4G路由网关,4.5G路由网关，6灭火器,7终端',
  `username` varchar(255) DEFAULT NULL COMMENT '登录名',
  `password` varchar(255) DEFAULT NULL COMMENT '密码',
  `name` varchar(255) NOT NULL DEFAULT '' COMMENT '姓名',
  `email` varchar(30) DEFAULT ' ' COMMENT '邮箱',
  `telephone` varchar(20) DEFAULT '0' COMMENT '联系电话',
  `user_status` varchar(1) DEFAULT '1' COMMENT '状态（1正常，0停用）',
  `create_time` datetime DEFAULT NULL,
  `update_time` datetime DEFAULT NULL,
  `open_id` varchar(64) CHARACTER SET utf8 COLLATE utf8_bin DEFAULT NULL,
  `nick_name` varchar(64) CHARACTER SET utf8mb4 DEFAULT NULL,
  `wx_headurl` text CHARACTER SET utf8 COLLATE utf8_bin,
  `unionid` varchar(64) CHARACTER SET utf8 COLLATE utf8_bin DEFAULT NULL,
  `remark` varchar(250) DEFAULT NULL COMMENT '公众号备注',
  PRIMARY KEY (`user_id`)
) ENGINE=InnoDB DEFAULT CHARSET=utf8;

-- 正在导出表  app_base.user 的数据：~9 rows (大约)
DELETE FROM `user`;
/*!40000 ALTER TABLE `user` DISABLE KEYS */;
INSERT INTO `user` (`user_id`, `m_id`, `user_type`, `username`, `password`, `name`, `email`, `telephone`, `user_status`, `create_time`, `update_time`, `open_id`, `nick_name`, `wx_headurl`, `unionid`, `remark`) VALUES
	(1, 0, NULL, 'admin', 'CV1620%35%32%33%38%39%36%18', '超级管理员', 'support@linkom.com.cn', '4000686917', NULL, '2023-07-19 14:28:59', NULL, NULL, NULL, NULL, NULL, NULL),
	(2, 106, NULL, 'admin01', 'CV1620%33%32%35%35%35%37%18', '管理员', NULL, '13588105738', NULL, '2023-07-19 14:30:22', NULL, NULL, 'Yangjun', '../../images/user_normal.png', NULL, NULL),
	(3, 85, NULL, 'tryuser', 'CV1620%35%32%33%38%39%36%18', '企业人员', 'besny@163.com', '18825228530', NULL, '2023-06-06 13:51:32', NULL, NULL, NULL, 'https://base.linkom.com.cn//images//wxsubject\\1702631546872_374965411993500.jpg', NULL, NULL),
	(4, 110, NULL, 'admin02', 'CV1620%35%32%33%38%39%36%18', '管理员', '114514', '18825228532', NULL, '2023-07-19 17:01:09', NULL, NULL, '张三丰', NULL, NULL, NULL),
	(6, 145, NULL, 'yzg', 'CV1620%35%32%33%38%39%36%18', '应急人员', NULL, '18825228539', NULL, '2023-07-19 15:49:32', NULL, '', NULL, NULL, NULL, NULL),
	(76, NULL, '1', 'wudi', 'CV1620%35%32%33%33%32%35%18', '乌迪尔', 'suibiantiantian', '7377', NULL, '2024-04-10 17:22:44', NULL, NULL, 'wudi', NULL, NULL, NULL),
	(78, 187, '1', 'LIU', 'CV1626%34%34%34%34%35%35%35%35%18', '刘正波', '848128189@qq.com', '17355360986', NULL, '2024-04-18 14:55:19', NULL, NULL, 'liu', NULL, NULL, NULL),
	(79, 0, '1', '0000', 'CV1626%35%35%35%35%32%32%32%32%18', '智达测试1', '858789987@qq.com', '18778998789', NULL, '2024-04-19 10:33:45', NULL, NULL, '000', NULL, NULL, NULL),
	(80, 0, '1', '新增0419', 'CV1620%26018%22668%34%38%35%43%18', '新增0419', '新增0419', '12341234123', NULL, '2024-04-19 10:48:01', NULL, NULL, '新增0419', NULL, NULL, NULL);
/*!40000 ALTER TABLE `user` ENABLE KEYS */;

-- 导出  表 app_base.user_info 结构
CREATE TABLE IF NOT EXISTS `user_info` (
  `id` int(11) NOT NULL,
  `user_id` int(11) NOT NULL COMMENT '用户ID',
  `company_name` varchar(255) DEFAULT '' COMMENT '姓名',
  `address` varchar(250) DEFAULT NULL COMMENT '地址',
  `telephone` varchar(20) DEFAULT NULL COMMENT '联系电话',
  `email` varchar(50) DEFAULT '' COMMENT '邮箱',
  `status` varchar(2) DEFAULT '0' COMMENT '状态 1正常，0停用',
  `remark` varchar(255) DEFAULT ' ' COMMENT '备注',
  `createTime` datetime DEFAULT NULL COMMENT '创建时间',
  `updateTime` datetime DEFAULT NULL COMMENT '修改时间',
  PRIMARY KEY (`id`) USING BTREE
) ENGINE=InnoDB DEFAULT CHARSET=utf8 ROW_FORMAT=DYNAMIC COMMENT='用户公司信息';

-- 正在导出表  app_base.user_info 的数据：~9 rows (大约)
DELETE FROM `user_info`;
/*!40000 ALTER TABLE `user_info` DISABLE KEYS */;
INSERT INTO `user_info` (`id`, `user_id`, `company_name`, `address`, `telephone`, `email`, `status`, `remark`, `createTime`, `updateTime`) VALUES
	(1, 1, '杭州宁讯', '杭州西湖区', NULL, '', '0', ' ', NULL, NULL),
	(2, 2, '宁讯信息科技有限公司', NULL, '4000686917', 'support@linkom.com.cn', NULL, NULL, '2023-07-19 14:28:59', NULL),
	(22, 3, '测试角色公司', NULL, '123456789', 'gongsi007', NULL, NULL, '2023-07-19 15:29:39', NULL),
	(23, 4, '诚洋', NULL, 'test', 'besny@163.com', NULL, NULL, '2023-07-19 15:49:32', NULL),
	(25, 6, '公恒', NULL, '18825228538', 'besny@163.com', NULL, NULL, '2023-07-19 18:01:04', NULL),
	(75, 76, '默认公司', NULL, NULL, NULL, NULL, NULL, '2024-04-10 17:22:45', NULL),
	(77, 78, '默认公司', NULL, NULL, NULL, NULL, NULL, '2024-04-18 14:55:19', NULL),
	(78, 79, '默认公司', NULL, NULL, NULL, NULL, NULL, '2024-04-19 10:33:45', NULL),
	(79, 80, '默认公司', NULL, NULL, NULL, NULL, NULL, '2024-04-19 10:48:01', NULL);
/*!40000 ALTER TABLE `user_info` ENABLE KEYS */;

-- 导出  表 app_base.user_role 结构
CREATE TABLE IF NOT EXISTS `user_role` (
  `user_id` int(11) NOT NULL,
  `role_id` int(11) NOT NULL,
  PRIMARY KEY (`user_id`,`role_id`) USING BTREE
) ENGINE=InnoDB DEFAULT CHARSET=utf8;

-- 正在导出表  app_base.user_role 的数据：~3 rows (大约)
DELETE FROM `user_role`;
/*!40000 ALTER TABLE `user_role` DISABLE KEYS */;
INSERT INTO `user_role` (`user_id`, `role_id`) VALUES
	(1, 1),
	(2, 1),
	(3, 5);
/*!40000 ALTER TABLE `user_role` ENABLE KEYS */;

-- 导出  表 app_base.wx_user 结构
CREATE TABLE IF NOT EXISTS `wx_user` (
  `wx_user_id` int(11) NOT NULL AUTO_INCREMENT,
  `nick_name` varchar(64) CHARACTER SET utf8mb4 DEFAULT NULL,
  `head_url` varchar(255) COLLATE utf8_bin DEFAULT NULL COMMENT '头像',
  `open_id` varchar(64) COLLATE utf8_bin DEFAULT '',
  `user_name` varchar(255) COLLATE utf8_bin DEFAULT NULL COMMENT '姓名',
  `type` varchar(10) CHARACTER SET utf8 DEFAULT '1' COMMENT '类别：默认null或1为小程序，2.公众号',
  `phone` varchar(11) COLLATE utf8_bin DEFAULT NULL COMMENT '手机号',
  `card_url` varchar(255) COLLATE utf8_bin DEFAULT NULL COMMENT '名片',
  `auth_state` varchar(1) COLLATE utf8_bin DEFAULT NULL COMMENT '认证状态1认证通过2认证未通过3未认证4待审核',
  `is_auth` varchar(1) COLLATE utf8_bin DEFAULT NULL COMMENT '是否认证1是2否',
  `is_follow` int(1) DEFAULT NULL COMMENT '是否关注公众号1是2否',
  `m_name` varchar(255) COLLATE utf8_bin DEFAULT NULL COMMENT '初次注册项目名称',
  `create_time` datetime DEFAULT NULL,
  `update_time` datetime DEFAULT NULL,
  `status` varchar(1) COLLATE utf8_bin DEFAULT NULL COMMENT '用户状态， 0 停用  1启用',
  `apply_time` datetime DEFAULT NULL COMMENT '申请认证时间',
  `wx_appid` varchar(64) COLLATE utf8_bin DEFAULT NULL COMMENT '用户同步wxappid',
  `sex` char(1) COLLATE utf8_bin DEFAULT NULL COMMENT '微信用户性别（1男2女）',
  `city` varchar(32) COLLATE utf8_bin DEFAULT NULL COMMENT '微信城市',
  `province` varchar(32) COLLATE utf8_bin DEFAULT NULL COMMENT '微信省份',
  `country` varchar(32) COLLATE utf8_bin DEFAULT NULL COMMENT '微信国家',
  `sync_state` varchar(1) COLLATE utf8_bin DEFAULT NULL COMMENT '同步用户状态（1未同步，2同步中，3同步成功）',
  `task_id` varchar(64) COLLATE utf8_bin DEFAULT NULL COMMENT '同步数据id',
  `unionid` varchar(64) COLLATE utf8_bin DEFAULT NULL,
  `remark` varchar(250) CHARACTER SET utf8 DEFAULT NULL COMMENT '公众号备注',
  PRIMARY KEY (`wx_user_id`) USING BTREE,
  KEY `open_id_index` (`open_id`) USING BTREE,
  KEY `phone_index` (`phone`) USING BTREE
) ENGINE=InnoDB DEFAULT CHARSET=utf8 COLLATE=utf8_bin COMMENT='微信用户管理 ';

-- 正在导出表  app_base.wx_user 的数据：~0 rows (大约)
DELETE FROM `wx_user`;
/*!40000 ALTER TABLE `wx_user` DISABLE KEYS */;
/*!40000 ALTER TABLE `wx_user` ENABLE KEYS */;

-- 导出  表 app_base.wx_user_sync_task 结构
CREATE TABLE IF NOT EXISTS `wx_user_sync_task` (
  `id` int(11) NOT NULL AUTO_INCREMENT COMMENT '自增ID',
  `wx_appid` varchar(64) DEFAULT NULL COMMENT '微信应用ID',
  `sync_start_time` varchar(32) DEFAULT NULL COMMENT '同步开始时间',
  `sync_end_time` varchar(32) DEFAULT NULL COMMENT '同步结束时间',
  `sync_total_num` int(11) DEFAULT NULL COMMENT '计划同步总用户数',
  `sync_local_num` int(11) DEFAULT '0' COMMENT '同步当前用户数',
  `next_openid` varchar(64) DEFAULT NULL,
  `sync_state` varchar(1) DEFAULT NULL COMMENT '同步状态（1等待执行，2同步中，3同步完成，4同步终止）',
  `sync_type` char(1) DEFAULT NULL COMMENT '同步类型（1同步用户基础信息，2断点同步用户详细信息，3全量同步用户详细信息）',
  `create_time` datetime DEFAULT NULL COMMENT '创建时间',
  `update_time` datetime DEFAULT NULL,
  PRIMARY KEY (`id`) USING BTREE,
  KEY `user_task_index` (`wx_appid`) USING BTREE,
  KEY `sync_state_index` (`sync_state`) USING BTREE
) ENGINE=InnoDB DEFAULT CHARSET=utf8 ROW_FORMAT=COMPACT COMMENT='微信用户同步';

-- 正在导出表  app_base.wx_user_sync_task 的数据：~0 rows (大约)
DELETE FROM `wx_user_sync_task`;
/*!40000 ALTER TABLE `wx_user_sync_task` DISABLE KEYS */;
/*!40000 ALTER TABLE `wx_user_sync_task` ENABLE KEYS */;

/*!40101 SET SQL_MODE=IFNULL(@OLD_SQL_MODE, '') */;
/*!40014 SET FOREIGN_KEY_CHECKS=IF(@OLD_FOREIGN_KEY_CHECKS IS NULL, 1, @OLD_FOREIGN_KEY_CHECKS) */;
/*!40101 SET CHARACTER_SET_CLIENT=@OLD_CHARACTER_SET_CLIENT */;
/*!40111 SET SQL_NOTES=@OLD_SQL_NOTES */;
